Date,CAD CASH DEPOSIT 6 MONTH (TP) - MIDDLE RATE,NOK CASH DEPOSIT 6 MONTH (TP) - MIDDLE RATE,JPY CASH DEPOSIT 6 MONTH (TP) - MIDDLE RATE,HKD CASH DEPOSIT 6 MONTH (TP) - MIDDLE RATE,EUR CASH DEPOSIT 6 MONTH (TP) - MIDDLE RATE,SAR CASH DEPOSIT 6 MONTH (TP) - MIDDLE RATE,PLN CASH DEPOSIT 6 MONTH (TP) - MIDDLE RATE,NZD CASH DEPOSIT 6 MONTH (TP) - MIDDLE RATE,DKK CASH DEPOSIT 6 MONTH (TP) - MIDDLE RATE,CHF CASH DEPOSIT 6 MONTH (TP) - MIDDLE RATE
2012-01-02,1.35,1.715,0.5,0.51,1.575,0.625,3.67,2.91,1.46,0.18
2012-01-03,1.35,1.755,0.5,0.5,1.55,0.625,3.9,2.91,1.325,0.18
2012-01-04,1.35,1.755,0.5,0.51,1.55,0.775,3.84,2.91,1.355,0.08
2012-01-05,1.35,1.685,0.5,0.52,1.55,0.775,3.83,2.91,1.39,0.08
2012-01-06,1.35,1.695,0.5,0.52,1.55,0.775,3.83,2.91,1.36,0.18
2012-01-09,1.35,1.71,0.5,0.52,1.525,0.775,3.83,2.91,1.32,0.18
2012-01-10,1.35,1.715,0.5,0.52,1.525,0.775,3.99,2.91,1.325,0.18
2012-01-11,1.35,1.74,0.5,0.51,1.475,0.775,4.12,2.91,1.255,0.19
2012-01-12,1.35,1.745,0.5,0.5,1.475,0.775,4.19,2.91,1.29,0.19
2012-01-13,1.35,1.735,0.5,0.5,1.475,0.775,4.15,2.91,1.295,0.19
2012-01-16,1.35,1.74,0.5,0.5,1.475,0.775,4.17,2.91,1.285,0.25
2012-01-17,1.345,1.765,0.5,0.5,1.475,0.775,4.21,2.905,1.295,0.25
2012-01-18,1.345,1.8,0.5,0.5,1.475,0.775,4.22,2.905,1.29,0.19
2012-01-19,1.345,1.8,0.5,0.51,1.475,0.775,4.24,2.925,1.28,0.19
2012-01-20,1.345,1.815,0.5,0.51,1.425,0.775,4.22,2.925,1.235,0.19
2012-01-23,1.35,1.835,0.5,0.51,1.425,0.775,4.22,2.93,1.245,0.19
2012-01-24,1.35,1.87,0.5,0.51,1.425,0.775,4.23,2.93,1.235,0.2
2012-01-25,1.35,1.915,0.5,0.51,1.425,0.775,4.19,2.93,1.245,0.19
2012-01-26,1.35,1.965,0.5,0.51,1.425,0.775,4.3,2.93,1.245,0.19
2012-01-27,1.345,1.91,0.5,0.51,1.425,0.775,4.29,2.93,1.235,0.19
2012-01-30,1.345,1.895,0.5,0.51,1.375,0.775,4.26,2.93,1.175,0.055
2012-01-31,1.345,1.89,0.5,0.51,1.375,0.775,4.32,2.93,1.195,0.19
2012-02-01,1.345,1.93,0.5,0.51,1.375,0.775,4.41,2.93,1.185,0.19
2012-02-02,1.345,1.955,0.5,0.51,1.375,0.775,4.38,2.93,1.2,0.07
2012-02-03,1.35,1.965,0.5,0.51,1.375,0.775,4.31,2.925,1.2,0.19
2012-02-06,1.35,1.955,0.5,0.51,1.375,0.775,4.3,2.925,1.21,0.19
2012-02-07,1.35,2.0,0.5,0.51,1.325,0.775,4.35,2.925,1.165,0.19
2012-02-08,1.35,2.015,0.5,0.51,1.325,0.775,4.34,2.925,1.175,0.19
2012-02-09,1.35,2.055,0.5,0.5,1.325,0.775,4.35,2.925,1.185,0.19
2012-02-10,1.35,2.065,0.5,0.5,1.325,0.775,4.29,2.925,1.185,0.19
2012-02-13,1.35,2.08,0.5,0.5,1.325,0.775,4.27,2.925,1.15,0.19
2012-02-14,1.35,2.095,0.45,0.51,1.325,0.775,4.27,2.925,1.175,0.19
2012-02-15,1.35,2.025,0.45,0.51,1.325,0.775,4.31,2.925,1.18,0.19
2012-02-16,1.35,2.025,0.45,0.51,1.275,0.775,4.28,2.925,1.12,0.19
2012-02-17,1.35,2.085,0.45,0.51,1.275,0.775,4.31,2.925,1.115,0.19
2012-02-20,1.35,2.085,0.45,0.51,1.275,0.775,4.29,2.925,1.12,0.2
2012-02-21,1.35,2.095,0.45,0.51,1.275,0.775,4.28,2.935,1.14,0.135
2012-02-22,1.35,2.08,0.45,0.5,1.275,0.775,4.26,2.935,1.14,0.135
2012-02-23,1.35,2.075,0.45,0.5,1.275,0.775,4.3,2.935,1.155,0.135
2012-02-24,1.35,2.055,0.45,0.5,1.225,0.775,4.31,2.935,1.115,0.135
2012-02-27,1.35,2.06,0.45,0.5,1.225,0.775,4.32,2.935,1.115,0.135
2012-02-28,1.35,2.04,0.45,0.5,1.225,0.775,4.29,2.935,1.13,0.135
2012-02-29,1.35,2.03,0.4,0.5,1.225,0.775,4.32,2.925,1.13,0.2
2012-03-01,1.35,2.025,0.4,0.5,1.175,0.775,4.33,2.925,1.085,0.135
2012-03-02,1.35,2.01,0.4,0.5,1.175,0.775,4.22,2.925,1.075,0.135
2012-03-05,1.35,2.01,0.4,0.49,1.175,0.775,4.23,2.925,1.055,0.135
2012-03-06,1.35,2.03,0.4,0.49,1.175,0.775,4.2,2.925,1.065,0.135
2012-03-07,1.35,2.045,0.4,0.49,1.125,0.775,4.24,2.925,1.015,0.135
2012-03-08,1.35,2.045,0.4,0.49,1.125,0.775,4.3,2.925,1.025,0.135
2012-03-09,1.35,2.065,0.4,0.49,1.125,0.775,4.27,2.925,1.035,0.135
2012-03-12,1.35,2.065,0.4,0.49,1.125,0.775,4.25,2.925,1.005,0.135
2012-03-13,1.35,2.05,0.4,0.49,1.125,0.775,4.25,2.925,0.995,0.135
2012-03-14,1.36,1.865,0.4,0.49,1.125,0.775,4.24,2.935,0.99,0.135
2012-03-15,1.36,1.855,0.4,0.49,1.125,0.775,4.3,2.935,0.99,0.135
2012-03-16,1.36,1.835,0.4,0.49,1.125,0.775,4.33,2.935,0.995,0.1
2012-03-19,1.36,1.86,0.4,0.49,1.125,0.775,4.37,2.935,1.0,0.135
2012-03-20,1.36,1.855,0.4,0.49,1.125,0.775,4.29,2.925,1.01,0.135
2012-03-21,1.36,1.845,0.4,0.5,1.125,0.775,4.29,2.925,1.01,0.135
2012-03-22,1.36,1.85,0.4,0.5,1.075,0.775,4.33,2.925,0.95,0.105
2012-03-23,1.36,1.85,0.4,0.5,1.075,0.775,4.37,2.925,0.945,0.105
2012-03-26,1.36,1.875,0.4,0.5,1.075,0.775,4.43,2.925,0.955,0.105
2012-03-27,1.35,1.88,0.4,0.5,1.025,0.775,4.47,2.925,0.9,0.105
2012-03-28,1.35,1.875,0.4,0.5,1.025,0.775,4.49,2.925,0.92,0.135
2012-03-29,1.35,1.865,0.4,0.5,1.025,0.775,4.47,2.925,0.93,0.135
2012-03-30,1.35,1.935,0.4,0.5,1.025,0.775,4.42,2.925,0.93,0.135
2012-04-02,1.35,1.93,0.4,0.5,1.025,0.775,4.43,2.925,0.935,0.135
2012-04-03,1.35,1.945,0.4,0.5,1.025,0.775,4.46,2.925,0.935,0.135
2012-04-04,1.35,1.94,0.4,0.5,1.025,0.775,4.43,2.925,0.93,0.135
2012-04-05,1.35,1.915,0.4,0.5,1.025,0.775,4.57,2.925,0.945,0.135
2012-04-06,1.35,1.915,0.4,0.5,1.025,0.775,4.54,2.925,0.965,0.135
2012-04-09,1.35,1.91,0.4,0.5,1.025,0.775,4.52,2.925,0.965,0.135
2012-04-10,1.35,1.9,0.4,0.51,1.025,0.775,4.54,2.925,0.935,0.26
2012-04-11,1.35,1.885,0.4,0.51,1.025,0.775,4.49,2.925,0.92,0.26
2012-04-12,1.35,1.91,0.4,0.51,0.975,0.775,4.6,2.925,0.88,0.135
2012-04-13,1.35,1.92,0.4,0.51,0.975,0.775,4.55,2.925,0.895,0.135
2012-04-16,1.35,1.91,0.4,0.51,0.975,0.775,4.57,2.925,0.875,0.135
2012-04-17,1.35,1.94,0.4,0.51,0.975,0.775,4.61,2.925,0.89,0.135
2012-04-18,1.35,1.94,0.4,0.51,0.975,0.775,4.64,2.925,0.88,0.135
2012-04-19,1.35,1.97,0.4,0.51,0.975,0.775,4.63,2.925,0.885,0.135
2012-04-20,1.35,1.96,0.4,0.51,0.975,0.775,4.65,2.925,0.89,0.135
2012-04-23,1.35,1.96,0.4,0.51,0.975,0.775,4.56,2.925,0.885,0.135
2012-04-24,1.35,1.97,0.4,0.51,0.975,0.775,4.6,2.925,0.885,0.135
2012-04-25,1.35,1.965,0.4,0.51,0.975,0.775,4.54,2.925,0.89,0.135
2012-04-26,1.35,1.97,0.4,0.51,0.925,0.775,4.64,2.925,0.84,0.135
2012-04-27,1.35,1.985,0.4,0.51,0.925,0.775,4.65,2.925,0.835,0.135
2012-04-30,1.35,1.98,0.4,0.51,0.925,0.775,4.63,2.925,0.845,0.135
2012-05-01,1.36,1.98,0.4,0.51,0.925,0.775,4.64,2.925,0.835,0.135
2012-05-02,1.36,1.98,0.4,0.51,0.925,0.775,4.6,2.925,0.835,0.135
2012-05-03,1.36,1.97,0.4,0.51,0.925,0.775,4.59,2.925,0.85,0.135
2012-05-04,1.36,1.96,0.4,0.51,0.925,0.775,4.56,2.925,0.84,0.135
2012-05-07,1.36,1.96,0.4,0.51,0.925,0.775,4.57,2.925,0.825,0.135
2012-05-08,1.36,1.965,0.4,0.51,0.925,0.775,4.54,2.925,0.85,0.135
2012-05-09,1.36,1.95,0.4,0.51,0.925,0.775,4.66,2.925,0.83,0.135
2012-05-10,1.36,1.92,0.4,0.51,0.925,0.775,4.72,2.925,0.845,0.135
2012-05-11,1.36,1.905,0.4,0.51,0.925,0.775,4.7,2.925,0.8,0.135
2012-05-14,1.345,1.88,0.4,0.52,0.925,0.775,4.58,2.925,0.805,0.135
2012-05-15,1.345,1.88,0.4,0.53,0.925,0.775,4.45,2.925,0.805,0.135
2012-05-16,1.345,1.895,0.4,0.53,0.925,0.775,4.41,2.925,0.795,0.135
2012-05-17,1.345,1.885,0.4,0.53,0.925,0.775,4.38,2.925,0.8,0.135
2012-05-18,1.325,1.87,0.4,0.53,0.925,0.775,4.41,2.95,0.8,0.135
2012-05-21,1.325,1.89,0.4,0.53,0.925,0.775,4.46,2.95,0.79,0.125
2012-05-22,1.325,1.905,0.4,0.52,0.925,0.775,4.49,2.95,0.79,0.135
2012-05-23,1.325,1.875,0.4,0.52,0.925,0.775,4.43,2.95,0.805,0.135
2012-05-24,1.325,1.875,0.4,0.52,0.925,0.775,4.46,2.95,0.75,0.135
2012-05-25,1.325,1.87,0.4,0.52,0.925,0.775,4.45,2.95,0.69,0.135
2012-05-28,1.325,1.885,0.4,0.52,0.875,0.775,4.49,2.95,0.635,0.135
2012-05-29,1.325,1.9,0.4,0.52,0.875,0.775,4.54,2.95,0.52,0.135
2012-05-30,1.325,1.855,0.4,0.52,0.875,0.775,4.49,2.95,0.56,0.09
2012-05-31,1.325,1.84,0.4,0.52,0.875,0.775,4.48,2.95,0.46,0.125
2012-06-01,1.325,1.84,0.4,0.52,0.875,0.775,4.41,2.95,0.4,0.135
2012-06-04,1.325,1.865,0.4,0.52,0.875,0.775,4.48,2.95,0.36,0.135
2012-06-05,1.325,1.845,0.4,0.52,0.875,0.775,4.44,2.95,0.33,0.135
2012-06-06,1.325,1.865,0.4,0.52,0.875,0.775,4.61,2.95,0.335,0.16
2012-06-07,1.325,1.92,0.4,0.52,0.875,0.775,4.72,2.95,0.395,0.18
2012-06-08,1.325,1.895,0.4,0.52,0.875,0.775,4.62,2.95,0.405,0.18
2012-06-11,1.325,1.94,0.4,0.52,0.875,0.775,4.69,2.95,0.42,0.16
2012-06-12,1.325,1.895,0.4,0.52,0.875,0.775,4.66,2.95,0.41,0.105
2012-06-13,1.325,1.945,0.4,0.52,0.875,0.775,4.75,2.95,0.34,0.105
2012-06-14,1.325,1.9,0.4,0.52,0.875,0.775,4.74,2.95,0.29,0.18
2012-06-15,1.32,1.875,0.4,0.52,0.875,0.775,4.77,2.95,0.25,0.16
2012-06-18,1.32,1.895,0.4,0.52,0.875,0.775,4.73,2.95,0.25,0.16
2012-06-19,1.32,1.905,0.4,0.52,0.875,0.775,4.8,2.95,0.245,0.16
2012-06-20,1.32,1.895,0.4,0.52,0.875,0.775,4.81,2.95,0.26,0.17
2012-06-21,1.32,1.88,0.4,0.52,0.875,0.775,4.72,2.95,0.29,0.17
2012-06-22,1.32,1.88,0.4,0.52,0.875,0.775,4.73,2.95,0.26,0.16
2012-06-25,1.32,1.86,0.4,0.51,0.875,0.775,4.75,2.95,0.285,0.16
2012-06-26,1.32,1.875,0.4,0.51,0.875,0.775,4.72,2.95,0.305,0.16
2012-06-27,1.325,1.855,0.4,0.51,0.875,0.775,4.74,2.95,0.31,0.17
2012-06-28,1.325,1.835,0.4,0.51,0.825,0.775,4.72,2.95,0.29,0.2
2012-06-29,1.325,1.87,0.4,0.52,0.825,0.775,4.75,2.95,0.26,0.2
2012-07-02,1.325,1.855,0.4,0.52,0.825,0.775,4.73,2.95,0.25,0.2
2012-07-03,1.325,1.835,0.4,0.52,0.825,0.775,4.75,2.95,0.24,0.2
2012-07-04,1.325,1.805,0.4,0.52,0.825,0.775,4.73,2.95,0.245,0.15
2012-07-05,1.325,1.755,0.4,0.52,0.725,0.775,4.71,2.95,0.17,0.15
2012-07-06,1.325,1.745,0.4,0.52,0.675,0.775,4.69,2.95,0.15,0.15
2012-07-09,1.325,1.78,0.4,0.52,0.675,0.775,4.69,2.95,0.11,0.19
2012-07-10,1.325,1.745,0.4,0.52,0.675,0.775,4.68,2.95,0.145,0.19
2012-07-11,1.325,1.745,0.4,0.52,0.675,0.775,4.71,2.95,0.115,0.16
2012-07-12,1.325,1.74,0.4,0.52,0.675,0.775,4.67,2.95,0.075,0.16
2012-07-13,1.325,1.775,0.4,0.52,0.675,0.775,4.71,2.95,0.12,0.2
2012-07-16,1.325,1.775,0.4,0.52,0.675,0.775,4.75,2.95,0.12,0.2
2012-07-17,1.325,1.755,0.4,0.52,0.675,0.775,4.71,2.95,0.14,0.2
2012-07-18,1.325,1.755,0.4,0.52,0.675,0.775,4.76,2.95,0.145,0.2
2012-07-19,1.325,1.795,0.4,0.52,0.675,0.775,4.73,2.95,0.155,0.2
2012-07-20,1.325,1.785,0.4,0.52,0.675,0.775,4.68,2.95,0.18,0.16
2012-07-23,1.325,1.77,0.4,0.52,0.625,0.775,4.61,2.95,0.12,0.16
2012-07-24,1.325,1.78,0.4,0.52,0.625,0.775,4.57,2.95,0.125,0.2
2012-07-25,1.325,1.755,0.4,0.51,0.625,0.775,4.56,2.95,0.16,0.19
2012-07-26,1.325,1.775,0.4,0.51,0.625,0.775,4.6,2.95,0.195,0.19
2012-07-27,1.325,1.77,0.4,0.51,0.625,0.775,4.61,2.95,0.2,0.19
2012-07-30,1.325,1.765,0.4,0.51,0.625,0.775,4.61,2.95,0.195,0.115
2012-07-31,1.325,1.775,0.4,0.51,0.625,0.775,4.63,2.95,0.2,0.18
2012-08-01,1.325,1.81,0.4,0.51,0.575,0.775,4.65,2.95,0.15,0.095
2012-08-02,1.325,1.835,0.4,0.51,0.575,0.775,4.65,2.95,0.18,0.095
2012-08-03,1.325,1.91,0.4,0.51,0.575,0.775,4.74,2.95,0.16,0.055
2012-08-06,1.325,1.925,0.4,0.51,0.575,0.775,4.78,2.85,0.145,0.05
2012-08-07,1.325,1.9,0.4,0.51,0.575,0.775,4.7,2.85,0.16,0.05
2012-08-08,1.325,1.885,0.4,0.51,0.575,0.775,4.75,2.85,0.16,0.05
2012-08-09,1.325,1.855,0.4,0.51,0.575,0.775,4.75,2.85,0.17,0.05
2012-08-10,1.3,1.845,0.4,0.51,0.575,0.775,4.79,2.85,0.16,0.05
2012-08-13,1.3,1.845,0.4,0.51,0.575,0.775,4.74,2.85,0.18,0.05
2012-08-14,1.3,1.825,0.4,0.51,0.575,0.775,4.77,2.85,0.165,0.05
2012-08-15,1.3,1.805,0.4,0.51,0.575,0.775,4.75,2.85,0.165,0.05
2012-08-16,1.29,1.81,0.4,0.51,0.575,0.775,4.82,2.84,0.12,0.05
2012-08-17,1.29,1.795,0.4,0.51,0.575,0.775,4.77,2.84,0.155,0.05
2012-08-20,1.29,1.81,0.4,0.51,0.525,0.775,4.79,2.84,0.075,0.05
2012-08-21,1.29,1.79,0.4,0.51,0.525,0.775,4.77,2.84,0.085,0.05
2012-08-22,1.29,1.77,0.4,0.51,0.525,0.775,4.8,2.84,0.105,0.05
2012-08-23,1.29,1.805,0.4,0.51,0.525,0.775,4.85,2.84,0.11,0.05
2012-08-24,1.3,1.8,0.4,0.51,0.525,0.775,4.79,2.85,0.07,0.095
2012-08-27,1.3,1.785,0.4,0.51,0.525,0.775,4.83,2.85,0.075,0.095
2012-08-28,1.3,1.79,0.4,0.51,0.525,0.775,4.81,2.85,0.09,0.1
2012-08-29,1.3,1.82,0.4,0.51,0.525,0.775,4.69,2.85,0.1,0.1
2012-08-30,1.3,1.82,0.4,0.51,0.525,0.775,4.59,2.85,0.1,0.2
2012-08-31,1.3,1.83,0.4,0.51,0.525,0.775,4.56,2.85,0.1,0.18
2012-09-03,1.3,1.825,0.4,0.51,0.525,0.775,4.51,2.85,0.1,0.18
2012-09-04,1.3,1.81,0.4,0.51,0.525,0.775,4.44,2.84,0.125,0.18
2012-09-05,1.29,1.805,0.4,0.51,0.525,0.775,4.49,2.85,0.115,0.18
2012-09-06,1.3,1.795,0.4,0.51,0.525,0.775,4.55,2.84,0.105,0.18
2012-09-07,1.29,1.835,0.4,0.51,0.525,0.775,4.54,2.85,0.18,0.18
2012-09-10,1.29,1.815,0.4,0.51,0.525,0.775,4.53,2.85,0.17,0.18
2012-09-11,1.3,1.815,0.4,0.51,0.525,0.775,4.51,2.86,0.19,0.21
2012-09-12,1.31,1.815,0.4,0.51,0.525,0.775,4.54,2.85,0.19,0.18
2012-09-13,1.3,1.84,0.4,0.51,0.525,0.775,4.52,2.85,0.205,0.18
2012-09-14,1.31,1.87,0.4,0.5,0.525,0.775,4.55,2.85,0.195,0.05
2012-09-17,1.3,1.865,0.4,0.5,0.475,0.775,4.55,2.86,0.145,0.05
2012-09-18,1.3,1.85,0.4,0.5,0.425,0.775,4.51,2.86,0.08,0.05
2012-09-19,1.3,1.845,0.4,0.5,0.425,0.775,4.46,2.85,0.05,0.05
2012-09-20,1.3,1.805,0.4,0.5,0.425,0.775,4.46,2.85,0.01,0.17
2012-09-21,1.3,1.81,0.4,0.5,0.375,0.775,4.54,2.85,-0.04,0.17
2012-09-24,1.29,1.81,0.4,0.5,0.375,0.775,4.57,2.85,-0.03,0.17
2012-09-25,1.29,1.83,0.4,0.5,0.375,0.775,4.6,2.85,0.05,0.05
2012-09-26,1.3,1.825,0.4,0.5,0.375,0.775,4.52,2.85,0.05,0.17
2012-09-27,1.31,1.83,0.4,0.5,0.375,0.775,4.51,2.84,0.045,0.17
2012-09-28,1.3,1.845,0.4,0.5,0.375,0.775,4.49,2.85,0.04,0.17
2012-10-01,1.3,1.855,0.4,0.5,0.325,0.775,4.49,2.85,-0.015,0.17
2012-10-02,1.3,1.79,0.4,0.5,0.325,0.775,4.35,2.85,-0.015,0.17
2012-10-03,1.3,1.775,0.4,0.5,0.325,0.775,4.41,2.85,-0.015,0.05
2012-10-04,1.3,1.8,0.4,0.5,0.325,0.775,4.45,2.85,-0.005,0.05
2012-10-05,1.3,1.82,0.4,0.5,0.275,0.775,4.48,2.85,-0.035,0.095
2012-10-08,1.3,1.8,0.4,0.5,0.275,0.775,4.46,2.84,0.005,0.19
2012-10-09,1.3,1.785,0.4,0.5,0.275,0.975,4.43,2.84,0.015,0.135
2012-10-10,1.3,1.78,0.4,0.5,0.275,0.975,4.41,2.84,0.01,0.135
2012-10-11,1.3,1.8,0.4,0.5,0.275,0.975,4.37,2.85,0.03,0.05
2012-10-12,1.305,1.8,0.4,0.5,0.275,0.975,4.37,2.86,0.035,0.05
2012-10-15,1.305,1.79,0.4,0.5,0.275,0.975,4.4,2.86,0.025,0.05
2012-10-16,1.305,1.795,0.4,0.5,0.275,0.975,4.43,2.86,0.03,0.05
2012-10-17,1.295,1.81,0.4,0.5,0.275,0.975,4.4,2.85,0.045,0.13
2012-10-18,1.305,1.805,0.4,0.5,0.265,0.975,4.4,2.84,0.055,0.13
2012-10-19,1.295,1.8,0.4,0.5,0.265,0.975,4.39,2.85,0.055,0.13
2012-10-22,1.295,1.795,0.4,0.5,0.265,0.975,4.39,2.85,0.005,0.115
2012-10-23,1.295,1.78,0.35,0.5,0.255,0.975,4.37,2.85,-0.01,0.115
2012-10-24,1.305,1.78,0.35,0.5,0.255,0.975,4.35,2.86,-0.035,0.115
2012-10-25,1.305,1.775,0.35,0.5,0.255,0.975,4.35,2.85,-0.035,0.115
2012-10-26,1.305,1.775,0.35,0.5,0.255,0.975,4.38,2.84,-0.05,0.115
2012-10-29,1.305,1.775,0.35,0.5,0.255,0.975,4.39,2.84,-0.05,0.115
2012-10-30,1.295,1.785,0.35,0.5,0.255,0.975,4.4,2.86,-0.04,0.05
2012-10-31,1.295,1.775,0.35,0.5,0.255,0.975,4.36,2.86,-0.02,0.05
2012-11-01,1.295,1.775,0.3,0.5,0.255,0.975,4.37,2.86,-0.03,0.05
2012-11-02,1.295,1.765,0.3,0.5,0.255,0.975,4.34,2.86,-0.025,0.05
2012-11-05,1.295,1.765,0.3,0.5,0.225,0.975,4.31,2.86,-0.05,0.05
2012-11-06,1.295,1.755,0.3,0.5,0.225,0.975,4.32,2.86,-0.06,0.05
2012-11-07,1.305,1.78,0.3,0.5,0.225,0.975,4.2,2.85,-0.04,0.05
2012-11-08,1.315,1.785,0.3,0.5,0.225,0.975,4.13,2.86,-0.05,0.05
2012-11-09,1.305,1.785,0.3,0.5,0.225,0.975,4.14,2.85,-0.08,0.05
2012-11-12,1.305,1.795,0.3,0.5,0.225,0.975,4.09,2.85,-0.08,0.05
2012-11-13,1.305,1.78,0.3,0.5,0.225,0.975,4.09,2.85,-0.08,0.05
2012-11-14,1.305,1.785,0.3,0.5,0.225,0.975,4.09,2.84,-0.09,0.05
2012-11-15,1.305,1.805,0.3,0.5,0.225,0.975,4.11,2.84,-0.08,0.05
2012-11-16,1.305,1.775,0.3,0.5,0.225,0.975,4.1,2.84,-0.08,0.05
2012-11-19,1.315,1.805,0.3,0.5,0.225,0.975,4.15,2.84,-0.06,0.05
2012-11-20,1.315,1.81,0.3,0.5,0.225,0.975,4.16,2.84,-0.05,0.05
2012-11-21,1.315,1.81,0.3,0.5,0.225,0.975,4.2,2.84,-0.06,0.05
2012-11-22,1.305,1.815,0.3,0.5,0.225,0.975,4.16,2.85,-0.08,0.05
2012-11-23,1.305,1.815,0.3,0.5,0.225,0.975,4.2,2.85,-0.08,0.05
2012-11-26,1.315,1.82,0.3,0.5,0.225,0.975,4.2,2.86,-0.08,0.05
2012-11-27,1.305,1.82,0.3,0.5,0.225,0.975,4.12,2.85,-0.085,0.05
2012-11-28,1.295,1.81,0.3,0.5,0.225,0.975,4.06,2.84,-0.09,0.05
2012-11-29,1.295,1.815,0.3,0.5,0.225,0.975,4.05,2.84,-0.08,0.055
2012-11-30,1.295,1.815,0.3,0.5,0.225,0.975,4.02,2.84,-0.075,0.055
2012-12-03,1.295,1.82,0.3,0.5,0.225,0.975,3.99,2.84,-0.07,0.055
2012-12-04,1.295,1.825,0.3,0.5,0.225,0.975,3.86,2.84,-0.065,0.055
2012-12-05,1.295,1.805,0.3,0.5,0.215,0.975,3.93,2.84,-0.075,-0.005
2012-12-06,1.295,1.83,0.3,0.5,0.215,0.975,3.84,2.84,-0.065,-0.005
2012-12-07,1.295,1.805,0.3,0.5,0.215,0.975,3.79,2.84,-0.085,-0.005
2012-12-10,1.295,1.8,0.3,0.5,0.215,0.975,3.78,2.84,-0.065,-0.005
2012-12-11,1.295,1.805,0.3,0.5,0.215,0.975,3.81,2.84,-0.065,0.05
2012-12-12,1.295,1.805,0.3,0.5,0.215,0.975,3.81,2.84,-0.07,0.05
2012-12-13,1.295,1.81,0.3,0.5,0.215,0.975,3.8,2.84,-0.06,0.05
2012-12-14,1.295,1.805,0.3,0.5,0.215,0.975,3.81,2.84,-0.07,0.05
2012-12-17,1.295,1.81,0.3,0.5,0.215,0.975,3.82,2.84,-0.07,0.05
2012-12-18,1.295,1.795,0.3,0.5,0.215,0.975,3.8,2.84,-0.065,-0.05
2012-12-19,1.295,1.77,0.3,0.5,0.215,0.975,3.75,2.84,-0.045,0.05
2012-12-20,1.295,1.77,0.3,0.5,0.215,0.975,3.73,2.84,-0.065,0.05
2012-12-21,1.295,1.785,0.3,0.5,0.215,0.975,3.73,2.84,-0.05,0.05
2012-12-24,1.295,1.78,0.3,0.5,0.215,0.975,3.74,2.84,-0.05,0.05
2012-12-25,1.295,1.775,0.3,0.5,0.215,0.975,3.74,2.84,-0.045,0.05
2012-12-26,1.295,1.78,0.3,0.5,0.215,0.975,3.74,2.84,-0.05,0.05
2012-12-27,1.295,1.77,0.3,0.5,0.215,0.975,3.81,2.84,-0.025,0.05
2012-12-28,1.295,1.78,0.3,0.5,0.215,0.975,3.77,2.84,-0.03,0.05
2012-12-31,1.295,1.78,0.3,0.5,0.215,0.975,3.76,2.84,-0.035,0.05
2013-01-01,1.295,1.78,0.3,0.5,0.215,0.975,3.75,2.84,-0.035,0.05
2013-01-02,1.295,1.785,0.3,0.5,0.2,0.975,3.83,2.84,-0.045,0.05
2013-01-03,1.285,1.795,0.3,0.5,0.2,0.975,3.81,2.85,-0.025,0.05
2013-01-04,1.285,1.8,0.3,0.5,0.2,0.975,3.82,2.85,-0.03,0.05
2013-01-07,1.3,1.82,0.3,0.5,0.2,0.975,3.79,2.845,-0.02,0.05
2013-01-08,1.29,1.825,0.3,0.5,0.2,0.975,3.72,2.855,-0.01,0.05
2013-01-09,1.29,1.82,0.3,0.5,0.2,0.975,3.88,2.855,0.0,0.05
2013-01-10,1.3,1.83,0.3,0.49,0.2,0.975,3.86,2.855,-0.005,0.05
2013-01-11,1.3,1.84,0.3,0.49,0.2,0.975,3.86,2.845,-0.02,0.05
2013-01-14,1.295,1.85,0.3,0.49,0.2,0.975,3.87,2.85,0.01,0.05
2013-01-15,1.305,1.83,0.3,0.49,0.2,0.975,3.83,2.86,0.03,0.05
2013-01-16,1.305,1.84,0.3,0.49,0.2,0.975,3.84,2.86,0.03,0.05
2013-01-17,1.295,1.845,0.3,0.49,0.25,0.975,3.79,2.86,0.085,0.05
2013-01-18,1.295,1.785,0.3,0.49,0.25,0.975,3.73,2.85,0.075,0.05
2013-01-21,1.295,1.805,0.3,0.49,0.25,0.975,3.66,2.85,0.1,0.05
2013-01-22,1.295,1.79,0.25,0.49,0.25,0.975,3.65,2.86,0.11,0.0
2013-01-23,1.295,1.81,0.25,0.49,0.25,0.975,3.65,2.85,0.11,0.05
2013-01-24,1.295,1.815,0.25,0.49,0.25,0.975,3.61,2.85,0.125,0.05
2013-01-25,1.3,1.825,0.25,0.49,0.25,0.975,3.7,2.95,0.16,0.05
2013-01-28,1.3,1.84,0.25,0.49,0.3,0.975,3.68,2.95,0.19,0.05
2013-01-29,1.3,1.86,0.25,0.49,0.3,0.975,3.68,2.95,0.175,0.05
2013-01-30,1.3,1.865,0.25,0.49,0.3,0.975,3.71,2.95,0.17,0.05
2013-01-31,1.3,1.88,0.25,0.49,0.3,0.975,3.68,2.95,0.17,0.05
2013-02-01,1.3,1.9,0.25,0.49,0.3,0.975,3.69,2.95,0.17,0.05
2013-02-04,1.3,1.825,0.25,0.49,0.3,0.975,3.57,2.95,0.175,0.05
2013-02-05,1.3,1.82,0.25,0.49,0.3,0.975,3.53,2.95,0.165,0.05
2013-02-06,1.3,1.82,0.25,0.49,0.3,0.975,3.57,2.95,0.165,0.05
2013-02-07,1.3,1.845,0.25,0.49,0.3,0.975,3.51,2.95,0.165,0.05
2013-02-08,1.3,1.865,0.25,0.49,0.28,0.975,3.55,2.95,0.14,0.05
2013-02-11,1.3,1.83,0.25,0.49,0.28,0.975,3.57,2.95,0.14,0.05
2013-02-12,1.3,1.83,0.25,0.49,0.275,0.975,3.61,2.95,0.13,0.05
2013-02-13,1.3,1.82,0.25,0.49,0.275,0.975,3.6,2.95,0.135,0.05
2013-02-14,1.3,1.805,0.25,0.49,0.275,0.975,3.62,2.95,0.14,0.05
2013-02-15,1.31,1.785,0.25,0.49,0.275,0.975,3.55,2.95,0.12,0.05
2013-02-18,1.3,1.79,0.25,0.49,0.275,0.975,3.54,2.96,0.115,0.05
2013-02-19,1.3,1.795,0.25,0.49,0.25,0.975,3.53,2.96,0.09,0.05
2013-02-20,1.31,1.785,0.25,0.49,0.25,0.975,3.54,2.95,0.09,0.05
2013-02-21,1.295,1.78,0.25,0.49,0.25,0.975,3.55,2.95,0.085,0.05
2013-02-22,1.3,1.76,0.25,0.49,0.25,0.975,3.55,2.95,0.1,0.05
2013-02-25,1.3,1.755,0.25,0.49,0.25,0.975,3.58,2.95,0.09,0.05
2013-02-26,1.3,1.75,0.25,0.49,0.25,0.975,3.55,2.95,0.09,0.03
2013-02-27,1.3,1.745,0.25,0.49,0.25,0.975,3.51,2.95,0.055,0.03
2013-02-28,1.3,1.735,0.25,0.49,0.25,0.975,3.55,2.95,0.06,0.03
2013-03-01,1.3,1.73,0.25,0.49,0.25,0.975,3.57,2.95,0.05,0.03
2013-03-04,1.3,1.745,0.25,0.49,0.24,0.975,3.57,2.95,0.055,0.03
2013-03-05,1.3,1.75,0.25,0.49,0.24,0.975,3.58,2.95,0.04,0.03
2013-03-06,1.32,1.75,0.25,0.49,0.24,0.975,3.39,2.95,0.05,0.03
2013-03-07,1.32,1.75,0.25,0.49,0.24,0.975,3.39,2.95,0.04,0.03
2013-03-08,1.32,1.735,0.25,0.49,0.24,0.975,3.35,2.95,0.04,0.03
2013-03-11,1.32,1.745,0.25,0.49,0.24,0.975,3.35,2.95,0.04,0.03
2013-03-12,1.32,1.74,0.25,0.49,0.24,0.975,3.36,2.95,0.06,0.03
2013-03-13,1.32,1.735,0.25,0.49,0.24,0.975,3.36,2.95,0.04,0.03
2013-03-14,1.32,1.685,0.25,0.49,0.24,0.975,3.31,2.95,0.03,0.03
2013-03-15,1.32,1.675,0.25,0.49,0.24,0.975,3.27,2.95,0.04,0.03
2013-03-18,1.32,1.69,0.25,0.49,0.24,0.975,3.21,2.95,0.03,0.03
2013-03-19,1.31,1.685,0.25,0.49,0.24,0.975,3.1,2.955,0.03,0.03
2013-03-20,1.31,1.68,0.25,0.5,0.25,0.975,3.12,2.955,0.035,0.03
2013-03-21,1.31,1.66,0.25,0.5,0.25,0.975,3.12,2.955,0.035,0.03
2013-03-22,1.3,1.66,0.25,0.5,0.25,0.975,3.07,2.95,0.02,0.03
2013-03-25,1.3,1.67,0.25,0.5,0.25,0.975,3.06,2.95,0.015,0.03
2013-03-26,1.3,1.685,0.25,0.5,0.25,0.975,3.05,2.95,0.01,0.03
2013-03-27,1.3,1.695,0.25,0.5,0.25,0.975,3.04,2.95,0.015,0.03
2013-03-28,1.3,1.695,0.25,0.5,0.25,0.975,3.09,2.95,0.0,0.03
2013-03-29,1.3,1.7,0.25,0.5,0.25,0.975,3.08,2.95,0.0,0.03
2013-04-01,1.3,1.7,0.25,0.5,0.25,0.975,3.09,2.95,-0.01,0.03
2013-04-02,1.3,1.69,0.25,0.5,0.25,0.975,3.05,2.95,0.01,0.03
2013-04-03,1.3,1.69,0.25,0.5,0.25,0.975,3.05,2.95,0.02,0.03
2013-04-04,1.3,1.7,0.25,0.5,0.23,0.975,3.05,2.94,-0.005,0.03
2013-04-05,1.3,1.71,0.25,0.5,0.23,0.975,3.08,2.945,0.005,0.03
2013-04-08,1.3,1.705,0.25,0.5,0.23,0.975,3.07,2.945,0.01,0.03
2013-04-09,1.3,1.705,0.25,0.5,0.23,0.975,3.07,2.945,0.01,0.03
2013-04-10,1.3,1.685,0.25,0.5,0.23,0.975,3.05,2.945,0.02,0.03
2013-04-11,1.29,1.68,0.25,0.5,0.23,0.975,3.06,2.955,0.025,0.04
2013-04-12,1.29,1.675,0.25,0.5,0.23,0.975,3.06,2.955,0.04,0.04
2013-04-15,1.3,1.675,0.25,0.5,0.23,0.975,3.06,2.955,0.03,0.04
2013-04-16,1.3,1.67,0.25,0.5,0.23,0.975,3.04,2.955,0.055,0.04
2013-04-17,1.3,1.65,0.25,0.5,0.23,0.975,2.9,2.955,0.06,0.04
2013-04-18,1.3,1.64,0.25,0.5,0.23,0.975,2.86,2.955,0.045,0.04
2013-04-19,1.3,1.655,0.25,0.5,0.23,0.975,2.84,2.955,0.04,0.04
2013-04-22,1.3,1.635,0.25,0.5,0.23,0.975,2.79,2.955,0.035,0.04
2013-04-23,1.3,1.62,0.25,0.5,0.2,0.975,2.78,2.955,0.015,0.04
2013-04-24,1.3,1.615,0.25,0.5,0.2,0.975,2.74,2.955,0.025,0.04
2013-04-25,1.3,1.625,0.25,0.5,0.2,0.975,2.7,2.955,0.035,0.04
2013-04-26,1.31,1.635,0.25,0.5,0.2,0.975,2.66,2.95,0.035,0.04
2013-04-29,1.31,1.625,0.25,0.5,0.2,0.975,2.66,2.95,0.025,0.04
2013-04-30,1.31,1.635,0.25,0.5,0.2,0.975,2.68,2.95,0.04,0.04
2013-05-01,1.31,1.635,0.25,0.5,0.2,0.975,2.68,2.95,0.045,0.04
2013-05-02,1.31,1.61,0.25,0.5,0.175,0.975,2.65,2.95,0.015,0.04
2013-05-03,1.31,1.605,0.25,0.5,0.16,0.975,2.59,2.95,-0.005,0.04
2013-05-06,1.31,1.6,0.25,0.5,0.16,0.975,2.59,2.95,-0.005,0.04
2013-05-07,1.31,1.595,0.25,0.5,0.16,0.975,2.61,2.95,-0.02,0.04
2013-05-08,1.31,1.665,0.25,0.5,0.16,0.975,2.61,2.95,-0.035,0.04
2013-05-09,1.31,1.66,0.25,0.5,0.16,0.975,2.56,2.95,-0.02,-0.025
2013-05-10,1.31,1.675,0.25,0.5,0.16,0.975,2.56,2.95,-0.03,-0.025
2013-05-13,1.31,1.685,0.25,0.5,0.16,0.975,2.56,2.95,-0.025,-0.025
2013-05-14,1.31,1.69,0.25,0.5,0.16,0.975,2.5,2.95,-0.03,0.04
2013-05-15,1.3,1.665,0.25,0.5,0.16,0.975,2.51,2.95,-0.01,0.04
2013-05-16,1.3,1.645,0.25,0.5,0.16,0.975,2.53,2.95,-0.03,0.04
2013-05-17,1.3,1.635,0.25,0.5,0.16,0.975,2.52,2.95,-0.02,0.04
2013-05-20,1.3,1.645,0.25,0.5,0.16,0.975,2.55,2.95,-0.03,0.04
2013-05-21,1.3,1.665,0.25,0.5,0.16,0.975,2.56,2.95,-0.03,0.04
2013-05-22,1.305,1.65,0.25,0.5,0.16,0.975,2.55,2.96,-0.02,0.04
2013-05-23,1.295,1.665,0.25,0.5,0.16,0.975,2.57,2.95,-0.03,0.04
2013-05-24,1.295,1.67,0.25,0.5,0.16,0.975,2.58,2.95,-0.03,0.04
2013-05-27,1.295,1.66,0.25,0.5,0.16,0.975,2.57,2.95,-0.02,0.04
2013-05-28,1.295,1.66,0.25,0.5,0.16,0.975,2.54,2.95,-0.025,0.04
2013-05-29,1.295,1.675,0.25,0.51,0.17,0.975,2.56,2.95,-0.02,0.04
2013-05-30,1.295,1.665,0.25,0.51,0.17,0.975,2.58,2.95,-0.02,0.04
2013-05-31,1.295,1.655,0.25,0.51,0.17,0.975,2.59,2.95,-0.01,0.04
2013-06-03,1.23,1.68,0.25,0.51,0.17,0.975,2.62,2.95,-0.01,0.04
2013-06-04,1.22,1.685,0.25,0.51,0.17,0.975,2.58,2.96,-0.005,0.04
2013-06-05,1.22,1.675,0.25,0.51,0.17,0.975,2.62,2.96,-0.02,0.04
2013-06-06,1.22,1.68,0.25,0.51,0.18,0.975,2.68,2.96,-0.02,0.04
2013-06-07,1.22,1.7,0.25,0.51,0.18,0.975,2.72,2.96,-0.01,0.04
2013-06-10,1.22,1.695,0.25,0.51,0.18,0.975,2.73,2.96,-0.01,0.04
2013-06-11,1.21,1.71,0.25,0.51,0.21,0.975,2.8,2.95,0.02,0.04
2013-06-12,1.21,1.705,0.25,0.51,0.21,0.975,2.74,2.95,0.015,0.04
2013-06-13,1.21,1.7,0.25,0.51,0.21,0.975,2.7,2.95,0.02,0.04
2013-06-14,1.22,1.71,0.25,0.51,0.21,0.975,2.66,2.94,0.01,0.05
2013-06-17,1.25,1.695,0.25,0.51,0.21,0.975,2.66,2.94,0.0,0.05
2013-06-18,1.25,1.685,0.25,0.51,0.21,0.975,2.68,2.94,-0.005,0.05
2013-06-19,1.25,1.695,0.25,0.51,0.21,0.975,2.66,2.94,0.0,0.05
2013-06-20,1.25,1.58,0.25,0.51,0.23,0.975,2.72,2.94,0.02,0.05
2013-06-21,1.25,1.55,0.25,0.51,0.23,0.975,2.72,2.94,0.01,0.05
2013-06-24,1.26,1.55,0.22,0.51,0.26,0.975,2.66,2.95,0.05,0.05
2013-06-25,1.26,1.57,0.22,0.51,0.26,0.975,2.62,2.95,0.04,0.1
2013-06-26,1.26,1.585,0.22,0.51,0.26,0.975,2.59,2.95,0.04,0.1
2013-06-27,1.26,1.585,0.22,0.51,0.25,0.975,2.58,2.95,0.045,0.1
2013-06-28,1.26,1.585,0.22,0.51,0.25,0.975,2.65,2.95,0.05,0.1
2013-07-01,1.26,1.59,0.22,0.51,0.25,0.975,2.65,2.95,0.04,0.1
2013-07-02,1.28,1.595,0.22,0.51,0.25,0.975,2.6,2.95,0.05,0.1
2013-07-03,1.28,1.565,0.22,0.51,0.25,0.975,2.72,2.95,0.055,0.1
2013-07-04,1.29,1.575,0.22,0.51,0.25,0.975,2.7,2.95,0.065,0.1
2013-07-05,1.29,1.565,0.22,0.51,0.2,0.975,2.69,2.95,0.01,0.1
2013-07-08,1.3,1.58,0.22,0.51,0.2,0.975,2.69,2.95,0.0,0.1
2013-07-09,1.3,1.57,0.22,0.5,0.2,0.975,2.62,2.95,0.0,0.1
2013-07-10,1.3,1.575,0.22,0.5,0.2,0.975,2.64,2.95,0.005,0.1
2013-07-11,1.3,1.595,0.22,0.5,0.2,0.975,2.63,2.95,0.0,0.1
2013-07-12,1.3,1.58,0.22,0.5,0.2,0.975,2.63,2.95,-0.01,0.1
2013-07-15,1.3,1.585,0.22,0.5,0.2,0.975,2.63,2.95,-0.02,0.1
2013-07-16,1.3,1.605,0.2,0.5,0.2,0.975,2.63,2.95,-0.025,0.1
2013-07-17,1.3,1.595,0.2,0.5,0.2,0.975,2.64,2.95,-0.02,0.1
2013-07-18,1.3,1.6,0.2,0.5,0.2,0.975,2.66,2.94,-0.02,0.1
2013-07-19,1.3,1.61,0.2,0.5,0.2,0.975,2.64,2.94,-0.03,0.1
2013-07-22,1.3,1.625,0.2,0.5,0.22,0.975,2.67,2.94,-0.005,0.1
2013-07-23,1.3,1.62,0.2,0.5,0.22,0.975,2.62,2.94,-0.01,0.1
2013-07-24,1.3,1.61,0.2,0.5,0.22,0.975,2.63,2.94,-0.01,0.1
2013-07-25,1.35,1.615,0.2,0.5,0.22,0.975,2.6,2.94,-0.025,0.1
2013-07-26,1.35,1.62,0.2,0.5,0.22,0.975,2.61,2.94,-0.025,0.1
2013-07-29,1.35,1.615,0.2,0.5,0.22,0.975,2.62,2.94,-0.03,0.1
2013-07-30,1.35,1.615,0.2,0.5,0.22,0.975,2.58,2.94,-0.02,0.1
2013-07-31,1.35,1.615,0.2,0.5,0.22,0.975,2.59,2.94,-0.02,0.1
2013-08-01,1.35,1.62,0.2,0.5,0.22,0.975,2.59,2.94,-0.025,0.1
2013-08-02,1.35,1.625,0.2,0.5,0.22,0.975,2.58,2.94,-0.015,0.1
2013-08-05,1.35,1.63,0.2,0.5,0.22,0.975,2.58,2.94,-0.015,0.1
2013-08-06,1.35,1.64,0.2,0.5,0.22,0.975,2.57,2.94,-0.025,0.1
2013-08-07,1.35,1.64,0.2,0.5,0.24,0.975,2.58,2.94,0.0,0.1
2013-08-08,1.35,1.655,0.2,0.5,0.24,0.975,2.59,2.94,0.0,0.1
2013-08-09,1.35,1.67,0.2,0.5,0.24,0.975,2.58,2.94,-0.005,0.1
2013-08-12,1.35,1.66,0.2,0.5,0.24,0.975,2.57,2.94,0.0,0.1
2013-08-13,1.35,1.655,0.2,0.5,0.24,0.975,2.57,2.94,-0.005,0.1
2013-08-14,1.305,1.665,0.2,0.5,0.25,0.975,2.62,2.94,0.005,0.1
2013-08-15,1.305,1.655,0.2,0.5,0.25,0.975,2.63,2.94,0.01,0.1
2013-08-16,1.305,1.655,0.2,0.5,0.25,0.975,2.62,2.94,0.01,0.1
2013-08-19,1.265,1.665,0.2,0.5,0.25,0.975,2.61,2.94,0.005,0.1
2013-08-20,1.265,1.65,0.2,0.5,0.25,0.975,2.61,2.94,0.005,0.1
2013-08-21,1.265,1.655,0.2,0.5,0.25,0.975,2.64,2.94,0.01,0.1
2013-08-22,1.265,1.66,0.2,0.5,0.25,0.975,2.65,2.94,0.0,0.1
2013-08-23,1.265,1.665,0.2,0.5,0.25,0.975,2.67,2.94,0.0,0.1
2013-08-26,1.265,1.665,0.2,0.5,0.25,0.975,2.66,2.94,0.005,0.1
2013-08-27,1.265,1.665,0.2,0.5,0.25,0.975,2.63,2.94,0.01,0.1
2013-08-28,1.265,1.655,0.23,0.5,0.25,0.975,2.61,2.94,0.005,0.1
2013-08-29,1.285,1.655,0.18,0.5,0.25,0.975,2.61,2.94,0.02,0.12
2013-08-30,1.285,1.655,0.18,0.5,0.24,0.975,2.61,2.975,0.01,0.12
2013-09-02,1.285,1.655,0.18,0.5,0.24,0.975,2.62,2.975,0.01,0.12
2013-09-03,1.295,1.655,0.18,0.5,0.24,0.975,2.6,2.975,0.0,0.12
2013-09-04,1.305,1.655,0.18,0.5,0.24,0.975,2.61,2.975,0.005,0.12
2013-09-05,1.295,1.655,0.18,0.5,0.24,0.975,2.58,2.975,-0.005,0.12
2013-09-06,1.295,1.665,0.18,0.5,0.24,0.975,2.6,2.975,0.0,0.12
2013-09-09,1.315,1.685,0.18,0.5,0.24,0.975,2.59,2.975,-0.01,0.12
2013-09-10,1.315,1.725,0.18,0.5,0.24,0.975,2.61,2.975,-0.015,0.115
2013-09-11,1.295,1.73,0.18,0.5,0.24,0.975,2.59,2.975,-0.005,0.12
2013-09-12,1.295,1.765,0.18,0.5,0.24,0.975,2.59,2.975,-0.005,0.12
2013-09-13,1.295,1.74,0.18,0.5,0.24,0.975,2.6,2.975,-0.005,0.12
2013-09-16,1.295,1.72,0.18,0.5,0.24,0.975,2.62,2.975,-0.005,0.12
2013-09-17,1.295,1.72,0.18,0.5,0.24,0.975,2.61,2.975,-0.015,0.115
2013-09-18,1.295,1.715,0.18,0.5,0.24,0.975,2.6,2.975,-0.01,0.115
2013-09-19,1.275,1.71,0.18,0.5,0.24,0.975,2.61,2.975,-0.01,0.12
2013-09-20,1.245,1.705,0.18,0.5,0.24,0.975,2.59,2.975,-0.02,0.12
2013-09-23,1.245,1.685,0.18,0.5,0.24,0.975,2.59,2.975,-0.01,0.12
2013-09-24,1.245,1.705,0.18,0.5,0.24,0.975,2.6,2.975,-0.01,0.12
2013-09-25,1.225,1.685,0.18,0.5,0.24,0.975,2.6,2.975,0.0,0.12
2013-09-26,1.255,1.69,0.18,0.5,0.24,0.975,2.58,2.975,-0.01,0.12
2013-09-27,1.255,1.69,0.18,0.5,0.24,0.975,2.59,2.975,0.0,0.12
2013-09-30,1.275,1.68,0.18,0.5,0.24,0.975,2.59,2.975,0.0,0.12
2013-10-01,1.275,1.69,0.18,0.5,0.24,0.975,2.57,2.975,-0.005,0.12
2013-10-02,1.275,1.69,0.18,0.5,0.24,0.975,2.58,2.975,-0.005,0.12
2013-10-03,1.275,1.69,0.18,0.5,0.24,0.975,2.59,2.975,-0.015,0.12
2013-10-04,1.255,1.685,0.18,0.5,0.24,0.975,2.59,2.975,0.0,0.12
2013-10-07,1.285,1.68,0.18,0.5,0.24,0.975,2.59,2.975,0.0,0.12
2013-10-08,1.285,1.675,0.18,0.5,0.24,0.975,2.59,2.975,0.0,0.12
2013-10-09,1.295,1.665,0.18,0.5,0.24,0.975,2.58,2.975,0.005,0.12
2013-10-10,1.275,1.66,0.18,0.5,0.24,0.975,2.57,2.975,0.0,0.12
2013-10-11,1.275,1.655,0.18,0.5,0.24,0.975,2.57,2.975,0.01,0.12
2013-10-14,1.265,1.655,0.18,0.5,0.24,0.975,2.59,2.975,0.015,0.12
2013-10-15,1.295,1.66,0.18,0.5,0.24,0.975,2.57,2.975,0.01,0.12
2013-10-16,1.285,1.655,0.17,0.5,0.24,0.975,2.58,2.975,0.005,0.12
2013-10-17,1.285,1.69,0.17,0.5,0.24,0.975,2.59,2.975,0.01,0.12
2013-10-18,1.285,1.68,0.17,0.5,0.24,0.975,2.61,2.975,0.01,0.12
2013-10-21,1.285,1.685,0.17,0.5,0.24,0.975,2.61,2.975,0.01,0.12
2013-10-22,1.285,1.685,0.17,0.5,0.24,0.975,2.61,2.975,0.0,0.12
2013-10-23,1.285,1.69,0.17,0.5,0.24,0.975,2.61,2.975,0.005,0.12
2013-10-24,1.235,1.7,0.17,0.5,0.24,0.975,2.61,2.975,0.01,0.12
2013-10-25,1.235,1.705,0.17,0.5,0.24,0.975,2.61,2.975,0.01,0.12
2013-10-28,1.235,1.675,0.17,0.5,0.24,0.975,2.59,2.975,0.005,0.12
2013-10-29,1.235,1.675,0.17,0.5,0.24,0.975,2.61,2.975,0.005,0.1
2013-10-30,1.235,1.675,0.17,0.5,0.25,0.975,2.63,2.975,0.02,0.1
2013-10-31,1.235,1.68,0.17,0.5,0.25,0.975,2.61,2.975,0.015,0.1
2013-11-01,1.235,1.675,0.17,0.5,0.235,0.975,2.61,2.975,0.0,0.1
2013-11-04,1.235,1.68,0.17,0.5,0.235,0.975,2.61,2.975,-0.005,0.1
2013-11-05,1.235,1.67,0.17,0.5,0.235,0.975,2.6,2.975,-0.01,0.1
2013-11-06,1.235,1.68,0.17,0.5,0.235,0.975,2.62,2.975,-0.015,0.1
2013-11-07,1.235,1.635,0.17,0.5,0.2,0.975,2.54,2.975,-0.05,0.1
2013-11-08,1.235,1.625,0.17,0.5,0.2,0.975,2.55,2.975,-0.05,0.1
2013-11-11,1.235,1.63,0.17,0.5,0.2,0.975,2.55,2.975,-0.045,0.1
2013-11-12,1.235,1.63,0.17,0.5,0.2,0.975,2.56,2.975,-0.05,0.1
2013-11-13,1.235,1.64,0.17,0.5,0.2,0.975,2.56,2.975,-0.04,0.1
2013-11-14,1.235,1.635,0.17,0.5,0.2,0.975,2.56,2.975,-0.055,0.1
2013-11-15,1.235,1.645,0.17,0.5,0.2,0.975,2.58,2.975,-0.05,0.1
2013-11-18,1.255,1.645,0.17,0.5,0.2,0.975,2.59,2.975,-0.05,0.1
2013-11-19,1.255,1.63,0.17,0.5,0.2,0.975,2.59,2.975,-0.06,0.1
2013-11-20,1.255,1.625,0.17,0.5,0.2,0.975,2.61,2.975,-0.07,0.1
2013-11-21,1.255,1.61,0.17,0.5,0.2,0.975,2.61,2.975,-0.08,0.1
2013-11-22,1.265,1.63,0.17,0.5,0.2,0.975,2.63,2.975,-0.07,0.1
2013-11-25,1.265,1.625,0.17,0.5,0.2,0.975,2.64,2.975,-0.08,0.1
2013-11-26,1.265,1.625,0.17,0.5,0.235,0.975,2.63,2.975,-0.05,0.1
2013-11-27,1.265,1.625,0.17,0.5,0.235,0.975,2.64,2.975,-0.05,0.1
2013-11-28,1.235,1.63,0.17,0.5,0.235,0.975,2.65,2.975,-0.06,0.1
2013-11-29,1.235,1.63,0.17,0.5,0.235,0.975,2.64,2.975,-0.05,0.1
2013-12-02,1.235,1.63,0.17,0.5,0.235,0.975,2.67,2.975,-0.06,0.1
2013-12-03,1.235,1.64,0.17,0.5,0.235,0.975,2.67,2.975,-0.05,0.1
2013-12-04,1.235,1.63,0.17,0.5,0.235,0.975,2.67,2.975,-0.045,0.1
2013-12-05,1.235,1.605,0.17,0.5,0.235,0.975,2.7,2.975,-0.065,0.1
2013-12-06,1.235,1.61,0.17,0.5,0.235,0.975,2.68,2.975,-0.08,0.1
2013-12-09,1.235,1.615,0.17,0.5,0.255,0.975,2.69,2.975,-0.08,0.1
2013-12-10,1.175,1.585,0.17,0.5,0.255,0.975,2.69,2.975,-0.08,0.1
2013-12-11,1.175,1.585,0.17,0.5,0.275,0.975,2.69,2.975,-0.06,0.08
2013-12-12,1.165,1.595,0.17,0.5,0.275,0.975,2.68,2.975,-0.06,0.1
2013-12-13,1.165,1.59,0.17,0.5,0.295,0.975,2.64,2.975,-0.035,0.1
2013-12-16,1.165,1.585,0.17,0.5,0.295,0.975,2.65,2.975,-0.03,0.08
2013-12-17,1.225,1.6,0.17,0.5,0.325,0.975,2.63,2.975,0.01,0.1
2013-12-18,1.215,1.605,0.17,0.5,0.325,0.975,2.67,2.975,0.05,0.1
2013-12-19,1.215,1.59,0.17,0.5,0.315,0.975,2.66,2.975,0.035,0.1
2013-12-20,1.215,1.585,0.17,0.5,0.315,0.975,2.65,2.975,0.04,0.08
2013-12-23,1.215,1.61,0.17,0.5,0.315,0.975,2.66,2.975,0.05,0.08
2013-12-24,1.215,1.605,0.17,0.5,0.315,0.975,2.66,2.975,0.055,0.08
2013-12-25,1.215,1.61,0.17,0.5,0.315,0.975,2.66,2.975,0.05,0.08
2013-12-26,1.215,1.61,0.17,0.5,0.315,0.975,2.66,2.975,0.055,0.08
2013-12-27,1.215,1.605,0.17,0.5,0.315,0.975,2.65,2.975,0.07,0.08
2013-12-30,1.215,1.63,0.17,0.5,0.315,0.975,2.66,2.975,0.07,0.08
2013-12-31,1.215,1.625,0.17,0.5,0.315,0.975,2.65,2.975,0.055,0.08
2014-01-01,1.215,1.625,0.17,0.5,0.315,0.975,2.65,2.975,0.07,0.08
2014-01-02,1.255,1.62,0.17,0.5,0.315,0.975,2.65,2.975,0.06,0.1
2014-01-03,1.255,1.615,0.17,0.5,0.305,0.975,2.65,2.975,0.035,0.1
2014-01-06,1.255,1.6,0.17,0.5,0.305,0.975,2.66,2.975,0.03,0.08
2014-01-07,1.255,1.585,0.17,0.5,0.305,0.975,2.67,2.975,0.02,0.08
2014-01-08,1.215,1.575,0.17,0.5,0.305,0.975,2.67,2.975,0.02,0.1
2014-01-09,1.215,1.565,0.17,0.5,0.305,0.975,2.66,2.975,0.01,0.1
2014-01-10,1.215,1.585,0.17,0.5,0.305,0.975,2.68,2.975,0.02,0.1
2014-01-13,1.175,1.595,0.17,0.5,0.305,0.975,2.69,2.975,0.05,0.1
2014-01-14,1.175,1.61,0.17,0.5,0.305,0.975,2.71,2.975,0.05,0.08
2014-01-15,1.175,1.58,0.15,0.5,0.305,0.975,2.69,2.975,0.04,0.1
2014-01-16,1.175,1.59,0.15,0.5,0.305,0.975,2.69,2.975,0.05,0.08
2014-01-17,1.175,1.58,0.15,0.5,0.305,0.975,2.67,2.975,0.05,0.08
2014-01-20,1.175,1.58,0.15,0.5,0.305,0.975,2.67,2.975,0.05,0.08
2014-01-21,1.175,1.585,0.15,0.5,0.335,0.975,2.66,2.975,0.075,0.1
2014-01-22,1.175,1.58,0.15,0.5,0.335,0.975,2.66,2.975,0.07,0.08
2014-01-23,1.175,1.58,0.15,0.5,0.335,0.975,2.68,2.975,0.075,0.1
2014-01-24,1.175,1.55,0.15,0.5,0.335,0.975,2.68,2.975,0.07,0.1
2014-01-27,1.175,1.57,0.15,0.5,0.335,0.975,2.68,2.975,0.07,0.08
2014-01-28,1.175,1.57,0.15,0.5,0.335,0.975,2.68,2.975,0.065,0.08
2014-01-29,1.205,1.565,0.15,0.5,0.335,0.975,2.67,2.975,0.06,0.1
2014-01-30,1.195,1.555,0.15,0.5,0.335,0.975,2.67,2.975,0.08,0.1
2014-01-31,1.195,1.56,0.15,0.5,0.335,0.975,2.75,2.975,0.08,0.1
2014-02-03,1.235,1.57,0.15,0.5,0.315,0.975,2.76,2.975,0.045,0.1
2014-02-04,1.235,1.57,0.15,0.5,0.315,0.975,2.71,2.975,0.05,0.08
2014-02-05,1.235,1.585,0.15,0.5,0.315,0.75,2.71,2.975,0.06,0.08
2014-02-06,1.235,1.59,0.15,0.5,0.315,0.75,2.7,2.975,0.05,0.08
2014-02-07,1.215,1.59,0.14,0.5,0.315,0.75,2.68,2.975,0.05,0.1
2014-02-10,1.225,1.6,0.14,0.5,0.315,0.75,2.69,2.975,0.04,0.1
2014-02-11,1.225,1.62,0.14,0.5,0.315,0.75,2.7,2.975,0.045,0.08
2014-02-12,1.225,1.635,0.14,0.5,0.315,0.75,2.69,2.975,0.045,0.08
2014-02-13,1.225,1.635,0.14,0.5,0.315,0.75,2.69,2.975,0.055,0.1
2014-02-14,1.225,1.58,0.14,0.5,0.315,0.75,2.62,2.975,-0.035,0.1
2014-02-17,1.225,1.575,0.13,0.5,0.315,0.75,2.63,2.975,-0.035,0.08
2014-02-18,1.225,1.575,0.13,0.5,0.315,0.65,2.63,2.975,-0.03,0.08
2014-02-19,1.225,1.565,0.13,0.5,0.315,0.65,2.62,2.975,-0.04,0.08
2014-02-20,1.225,1.55,0.13,0.5,0.315,0.65,2.6,2.975,-0.04,0.08
2014-02-21,1.225,1.565,0.13,0.5,0.315,0.65,2.63,2.975,-0.04,0.08
2014-02-24,1.225,1.565,0.13,0.5,0.315,0.65,2.62,2.975,-0.03,0.08
2014-02-25,1.225,1.565,0.13,0.5,0.315,0.65,2.62,2.975,-0.03,0.08
2014-02-26,1.215,1.555,0.13,0.5,0.315,0.65,2.59,2.975,-0.035,0.1
2014-02-27,1.215,1.545,0.13,0.5,0.315,0.65,2.58,2.975,-0.035,0.1
2014-02-28,1.215,1.57,0.13,0.5,0.315,0.65,2.59,2.975,-0.02,0.1
2014-03-03,1.225,1.56,0.13,0.5,0.315,0.65,2.58,2.975,-0.02,0.1
2014-03-04,1.225,1.565,0.13,0.5,0.325,0.65,2.58,2.975,-0.015,0.1
2014-03-05,1.225,1.57,0.13,0.5,0.325,0.65,2.59,2.975,-0.01,0.08
2014-03-06,1.195,1.585,0.13,0.5,0.325,0.65,2.63,2.975,0.005,0.1
2014-03-07,1.195,1.57,0.13,0.5,0.325,0.65,2.62,2.975,0.03,0.1
2014-03-10,1.175,1.6,0.13,0.5,0.345,0.65,2.59,2.975,0.03,0.08
2014-03-11,1.175,1.585,0.13,0.5,0.345,0.65,2.58,2.975,0.025,0.08
2014-03-12,1.175,1.59,0.13,0.5,0.345,0.65,2.6,2.975,0.025,0.08
2014-03-13,1.175,1.595,0.13,0.5,0.345,0.65,2.59,2.975,0.025,0.08
2014-03-14,1.175,1.595,0.13,0.5,0.345,0.65,2.59,2.975,0.02,0.08
2014-03-17,1.205,1.6,0.13,0.5,0.345,0.65,2.6,2.975,0.03,0.1
2014-03-18,1.205,1.585,0.13,0.5,0.345,0.65,2.58,2.975,0.025,0.1
2014-03-19,1.205,1.59,0.13,0.5,0.345,0.65,2.6,2.975,0.035,0.1
2014-03-20,1.205,1.595,0.12,0.5,0.345,0.65,2.59,2.975,0.035,0.08
2014-03-21,1.165,1.6,0.12,0.5,0.345,0.65,2.58,2.975,0.04,0.1
2014-03-24,1.165,1.6,0.12,0.5,0.345,0.65,2.58,2.975,0.03,0.1
2014-03-25,1.185,1.585,0.12,0.5,0.345,0.65,2.58,2.975,0.02,0.1
2014-03-26,1.185,1.595,0.12,0.5,0.345,0.65,2.6,2.975,0.015,0.08
2014-03-27,1.185,1.605,0.12,0.5,0.345,0.65,2.63,2.975,0.01,0.08
2014-03-28,1.185,1.605,0.12,0.5,0.345,0.65,2.63,2.975,0.015,0.08
2014-03-31,1.185,1.61,0.12,0.5,0.345,0.65,2.64,2.975,0.025,0.08
2014-04-01,1.185,1.615,0.12,0.5,0.345,0.65,2.63,2.975,0.025,0.08
2014-04-02,1.185,1.615,0.12,0.5,0.345,0.65,2.6,2.975,0.035,0.08
2014-04-03,1.185,1.63,0.12,0.5,0.345,0.65,2.62,2.975,0.03,0.08
2014-04-04,1.185,1.635,0.12,0.5,0.345,0.65,2.62,2.975,0.04,0.08
2014-04-07,1.185,1.62,0.12,0.5,0.345,0.65,2.62,2.975,0.02,0.08
2014-04-08,1.185,1.635,0.11,0.5,0.345,0.65,2.63,2.975,0.02,0.08
2014-04-09,1.185,1.645,0.1,0.5,0.365,0.65,2.6,2.975,0.02,0.08
2014-04-10,1.185,1.645,0.1,0.5,0.365,0.65,2.6,2.975,0.015,0.08
2014-04-11,1.185,1.645,0.1,0.5,0.365,0.65,2.63,2.975,0.01,0.08
2014-04-14,1.185,1.64,0.1,0.5,0.365,0.65,2.63,2.975,0.015,0.08
2014-04-15,1.185,1.645,0.1,0.5,0.365,0.65,2.62,2.975,0.005,0.08
2014-04-16,1.185,1.645,0.1,0.5,0.365,0.65,2.59,2.975,0.01,0.08
2014-04-17,1.185,1.645,0.225,0.5,0.365,0.65,2.62,2.975,0.01,0.08
2014-04-18,1.185,1.645,0.225,0.5,0.365,0.65,2.62,2.975,0.01,0.08
2014-04-21,1.185,1.645,0.225,0.5,0.365,0.65,2.62,2.975,0.01,0.08
2014-04-22,1.185,1.645,0.225,0.5,0.365,0.65,2.62,2.975,0.0,0.08
2014-04-23,1.185,1.64,0.175,0.5,0.375,0.65,2.6,2.975,0.005,0.08
2014-04-24,1.185,1.65,0.175,0.5,0.375,0.65,2.62,2.975,0.05,0.08
2014-04-25,1.185,1.655,0.175,0.5,0.375,0.65,2.61,2.975,0.065,0.08
2014-04-28,1.185,1.65,0.175,0.5,0.385,0.65,2.6,2.975,0.075,0.08
2014-04-29,1.185,1.66,0.175,0.5,0.385,0.65,2.59,2.975,0.065,0.08
2014-04-30,1.185,1.675,0.175,0.5,0.385,0.65,2.61,2.975,0.065,0.08
2014-05-01,1.185,1.675,0.175,0.5,0.385,0.65,2.61,2.975,0.06,0.08
2014-05-02,1.185,1.675,0.175,0.5,0.385,0.65,2.6,2.975,0.055,0.08
2014-05-05,1.185,1.675,0.175,0.5,0.385,0.65,2.61,2.975,0.06,0.08
2014-05-06,1.225,1.675,0.175,0.5,0.385,0.65,2.59,2.975,0.05,0.1
2014-05-07,1.225,1.68,0.175,0.5,0.375,0.65,2.61,2.975,0.04,0.08
2014-05-08,1.225,1.66,0.175,0.5,0.375,0.65,2.63,2.975,0.04,0.08
2014-05-09,1.225,1.665,0.175,0.5,0.375,0.65,2.63,2.975,0.03,0.08
2014-05-12,1.225,1.68,0.175,0.5,0.375,0.65,2.63,2.975,0.03,0.08
2014-05-13,1.225,1.685,0.175,0.5,0.375,0.65,2.6,2.975,0.005,0.08
2014-05-14,1.225,1.67,0.175,0.5,0.375,0.65,2.58,2.975,0.01,0.08
2014-05-15,1.225,1.67,0.175,0.5,0.365,0.65,2.6,2.975,-0.01,0.08
2014-05-16,1.225,1.66,0.175,0.5,0.365,0.65,2.6,2.975,-0.01,0.08
2014-05-19,1.225,1.66,0.175,0.5,0.365,0.65,2.6,2.975,-0.015,0.08
2014-05-20,1.225,1.67,0.175,0.5,0.375,0.65,2.57,2.975,-0.01,0.08
2014-05-21,1.225,1.675,0.175,0.5,0.375,0.65,2.59,2.975,-0.01,0.08
2014-05-22,1.225,1.665,0.175,0.5,0.375,0.65,2.58,2.975,-0.005,0.08
2014-05-23,1.225,1.685,0.175,0.5,0.375,0.65,2.58,2.975,0.005,0.08
2014-05-26,1.225,1.685,0.175,0.5,0.375,0.65,2.59,2.975,0.005,0.08
2014-05-27,1.275,1.68,0.175,0.5,0.375,0.65,2.57,2.975,-0.005,0.08
2014-05-28,1.275,1.67,0.175,0.5,0.375,0.65,2.57,2.975,0.0,0.08
2014-05-29,1.285,1.675,0.175,0.5,0.375,0.65,2.465,2.975,0.015,0.1
2014-05-30,1.285,1.675,0.175,0.5,0.375,0.65,2.54,2.975,0.01,0.1
2014-06-02,1.285,1.665,0.175,0.5,0.355,0.65,2.55,2.975,0.005,-0.01
2014-06-03,1.285,1.66,0.175,0.5,0.355,0.65,2.53,2.975,0.0,-0.01
2014-06-04,1.285,1.66,0.175,0.5,0.335,0.65,2.49,2.975,0.01,-0.01
2014-06-05,1.285,1.65,0.175,0.5,0.335,0.65,2.5,2.975,0.03,-0.01
2014-06-06,1.285,1.65,0.175,0.5,0.305,0.65,2.48,2.975,0.05,0.05
2014-06-09,1.285,1.645,0.175,0.5,0.305,0.65,2.4,2.975,0.045,0.05
2014-06-10,1.285,1.64,0.175,0.5,0.305,0.65,2.39,2.975,0.055,0.05
2014-06-11,1.285,1.62,0.175,0.5,0.305,0.65,2.42,2.975,0.045,0.05
2014-06-12,1.285,1.615,0.175,0.5,0.275,0.65,2.44,2.975,0.05,0.05
2014-06-13,1.285,1.615,0.175,0.5,0.265,0.65,2.44,2.975,0.075,0.05
2014-06-16,1.335,1.62,0.175,0.5,0.265,0.65,2.43,2.975,0.085,0.1
2014-06-17,1.315,1.615,0.175,0.5,0.235,0.65,2.4,2.975,0.05,0.1
2014-06-18,1.315,1.605,0.175,0.5,0.235,0.65,2.42,2.975,0.045,0.07
2014-06-19,1.315,1.585,0.175,0.5,0.235,0.65,2.4,2.975,0.04,0.07
2014-06-20,1.315,1.565,0.175,0.5,0.235,0.65,2.4,2.975,0.055,0.07
2014-06-23,1.315,1.56,0.175,0.5,0.235,0.65,2.39,2.975,0.05,0.07
2014-06-24,1.315,1.52,0.175,0.5,0.235,0.65,2.41,2.975,0.05,0.07
2014-06-25,1.315,1.515,0.175,0.5,0.235,0.65,2.41,2.975,0.045,0.07
2014-06-26,1.315,1.53,0.175,0.5,0.235,0.65,2.41,2.975,0.05,0.07
2014-06-27,1.315,1.545,0.175,0.5,0.235,0.65,2.41,2.975,0.05,0.07
2014-06-30,1.315,1.55,0.175,0.5,0.235,0.65,2.42,2.975,0.06,0.07
2014-07-01,1.315,1.545,0.175,0.5,0.235,0.65,2.4,2.975,0.07,0.07
2014-07-02,1.315,1.53,0.175,0.5,0.235,0.65,2.41,2.975,0.065,0.07
2014-07-03,1.315,1.47,0.175,0.5,0.235,0.65,2.41,2.975,0.05,0.07
2014-07-04,1.315,1.47,0.175,0.5,0.235,0.65,2.4,2.975,0.06,0.07
2014-07-07,1.315,1.475,0.175,0.5,0.235,0.65,2.41,2.975,0.07,0.07
2014-07-08,1.315,1.475,0.175,0.5,0.235,0.65,2.42,2.975,0.075,0.07
2014-07-09,1.315,1.495,0.175,0.5,0.235,0.65,2.44,2.975,0.085,0.07
2014-07-10,1.315,1.495,0.175,0.5,0.235,0.65,2.44,2.975,0.085,0.07
2014-07-11,1.315,1.495,0.175,0.5,0.235,0.65,2.44,2.975,0.085,0.07
2014-07-14,1.315,1.49,0.175,0.5,0.235,0.65,2.44,2.975,0.095,0.07
2014-07-15,1.315,1.49,0.175,0.5,0.235,0.65,2.47,2.975,0.09,0.07
2014-07-16,1.295,1.495,0.175,0.5,0.235,0.65,2.51,2.975,0.09,0.1
2014-07-17,1.295,1.485,0.175,0.5,0.235,0.65,2.52,2.975,0.08,0.1
2014-07-18,1.295,1.485,0.175,0.5,0.235,0.65,2.52,2.975,0.075,0.1
2014-07-21,1.295,1.485,0.175,0.5,0.235,0.65,2.52,2.975,0.075,0.07
2014-07-22,1.295,1.48,0.175,0.5,0.235,0.65,2.49,2.975,0.085,0.07
2014-07-23,1.295,1.48,0.175,0.5,0.235,0.65,2.47,2.975,0.075,0.07
2014-07-24,1.295,1.475,0.175,0.5,0.235,0.65,2.48,2.975,0.065,0.07
2014-07-25,1.295,1.475,0.175,0.5,0.235,0.65,2.48,2.975,0.06,0.07
2014-07-28,1.295,1.47,0.175,0.5,0.235,0.65,2.48,2.975,0.06,0.07
2014-07-29,1.295,1.47,0.175,0.5,0.235,0.65,2.48,2.975,0.055,0.07
2014-07-30,1.295,1.46,0.175,0.5,0.235,0.65,2.49,2.975,0.06,0.07
2014-07-31,1.295,1.46,0.175,0.5,0.235,0.65,2.5,2.975,0.055,0.07
2014-08-01,1.295,1.48,0.175,0.5,0.235,0.65,2.49,2.975,0.05,0.07
2014-08-04,1.295,1.485,0.175,0.5,0.235,0.65,2.49,2.975,0.06,0.07
2014-08-05,1.295,1.5,0.175,0.5,0.235,0.65,2.46,2.975,0.06,0.07
2014-08-06,1.295,1.505,0.185,0.5,0.235,0.65,2.47,2.975,0.06,0.07
2014-08-07,1.295,1.505,0.185,0.5,0.235,0.65,2.45,2.975,0.06,0.07
2014-08-08,1.295,1.51,0.185,0.5,0.235,0.65,2.47,2.975,0.06,0.07
2014-08-11,1.295,1.54,0.185,0.5,0.235,0.65,2.47,2.975,0.06,0.07
2014-08-12,1.295,1.53,0.185,0.5,0.235,0.65,2.43,2.975,0.055,0.07
2014-08-13,1.295,1.535,0.185,0.5,0.235,0.65,2.36,2.975,0.045,0.07
2014-08-14,1.295,1.535,0.185,0.5,0.235,0.65,2.37,2.975,0.06,0.09
2014-08-15,1.295,1.535,0.185,0.5,0.235,0.65,2.36,2.975,0.06,0.09
2014-08-18,1.295,1.54,0.185,0.5,0.235,0.65,2.36,2.975,0.07,0.1
2014-08-19,1.295,1.525,0.185,0.5,0.235,0.65,2.34,2.975,0.06,0.1
2014-08-20,1.295,1.535,0.185,0.5,0.235,0.65,2.29,2.975,0.06,0.09
2014-08-21,1.305,1.545,0.185,0.5,0.235,0.65,2.29,2.975,0.05,0.1
2014-08-22,1.305,1.545,0.185,0.5,0.225,0.65,2.29,2.975,0.05,0.1
2014-08-25,1.305,1.545,0.185,0.505,0.225,0.65,2.28,2.975,0.06,0.1
2014-08-26,1.305,1.55,0.185,0.505,0.225,0.65,2.27,2.975,0.05,0.1
2014-08-27,1.305,1.545,0.185,0.505,0.205,0.65,2.28,2.975,0.05,0.09
2014-08-28,1.305,1.545,0.185,0.505,0.205,0.65,2.26,2.975,0.06,0.09
2014-08-29,1.305,1.535,0.185,0.505,0.205,0.65,2.25,2.975,0.065,0.09
2014-09-01,1.305,1.535,0.185,0.505,0.205,0.65,2.22,2.975,0.07,0.09
2014-09-02,1.305,1.535,0.185,0.505,0.205,0.65,2.14,2.975,0.065,0.09
2014-09-03,1.305,1.515,0.185,0.505,0.205,0.65,2.12,2.975,0.05,0.09
2014-09-04,1.305,1.49,0.185,0.5,0.175,0.65,2.04,2.975,-0.01,0.09
2014-09-05,1.305,1.48,0.185,0.5,0.135,0.65,2.05,2.975,-0.01,0.09
2014-09-08,1.305,1.485,0.185,0.5,0.135,0.65,2.01,2.975,-0.005,0.09
2014-09-09,1.355,1.475,0.18,0.5,0.135,0.65,1.98,2.975,-0.015,0.11
2014-09-10,1.355,1.465,0.1,0.5,0.135,0.65,1.98,2.975,-0.01,0.11
2014-09-11,1.355,1.475,0.1,0.5,0.135,0.65,1.98,2.975,-0.01,0.11
2014-09-12,1.345,1.49,0.1,0.5,0.135,0.65,1.98,2.975,0.0,0.11
2014-09-15,1.345,1.47,0.1,0.5,0.135,0.65,1.98,2.975,-0.01,0.02
2014-09-16,1.345,1.455,0.1,0.5,0.135,0.65,1.95,2.975,-0.005,0.02
2014-09-17,1.345,1.45,0.1,0.5,0.135,0.65,1.96,2.975,0.0,0.02
2014-09-18,1.345,1.49,0.1,0.5,0.125,0.65,1.97,2.975,-0.01,0.02
2014-09-19,1.345,1.5,0.1,0.5,0.125,0.65,1.97,2.975,-0.015,0.02
2014-09-22,1.305,1.485,0.1,0.5,0.125,0.65,1.97,2.975,-0.01,0.11
2014-09-23,1.305,1.495,0.1,0.5,0.125,0.65,1.98,2.975,-0.04,0.02
2014-09-24,1.305,1.49,0.1,0.5,0.125,0.65,1.92,2.975,-0.025,0.02
2014-09-25,1.305,1.48,0.1,0.5,0.125,0.65,1.85,2.975,-0.02,0.02
2014-09-26,1.305,1.47,0.1,0.5,0.125,0.65,1.82,2.975,-0.02,0.02
2014-09-29,1.305,1.475,0.1,0.5,0.125,0.65,1.84,2.975,0.01,0.02
2014-09-30,1.305,1.47,0.1,0.5,0.125,0.65,1.85,2.975,0.02,0.02
2014-10-01,1.265,1.455,0.1,0.5,0.125,0.65,1.84,2.975,0.01,0.11
2014-10-02,1.265,1.46,0.1,0.5,0.125,0.65,1.88,2.975,0.0,0.11
2014-10-03,1.265,1.475,0.1,0.5,0.125,0.65,1.88,2.975,-0.005,0.11
2014-10-06,1.265,1.475,0.1,0.5,0.115,0.65,1.89,2.975,0.0,0.11
2014-10-07,1.265,1.46,0.1,0.5,0.115,0.65,1.9,2.975,0.0,0.11
2014-10-08,1.265,1.465,0.075,0.5,0.115,0.65,1.86,2.975,0.005,0.11
2014-10-09,1.265,1.475,0.05,0.5,0.115,0.65,1.74,2.975,0.005,0.11
2014-10-10,1.265,1.465,0.05,0.5,0.115,0.65,1.73,2.975,0.0,0.11
2014-10-13,1.265,1.47,0.05,0.5,0.115,0.65,1.71,2.975,0.005,0.11
2014-10-14,1.265,1.46,-0.025,0.5,0.115,0.65,1.62,2.975,0.0,0.11
2014-10-15,1.265,1.42,-0.025,0.5,0.115,0.65,1.6,2.975,0.01,0.11
2014-10-16,1.265,1.43,-0.025,0.5,0.115,0.65,1.6,2.975,0.005,0.11
2014-10-17,1.265,1.425,-0.025,0.5,0.115,0.65,1.59,2.975,0.0,0.11
2014-10-20,1.265,1.42,-0.025,0.5,0.115,0.65,1.59,2.975,0.0,0.11
2014-10-21,1.265,1.44,-0.025,0.5,0.115,0.65,1.6,2.975,0.0,0.11
2014-10-22,1.265,1.425,-0.025,0.5,0.115,0.65,1.59,2.975,0.0,0.11
2014-10-23,1.265,1.455,-0.025,0.5,0.115,0.65,1.58,2.975,-0.005,0.11
2014-10-24,1.265,1.435,-0.025,0.5,0.115,0.65,1.61,2.975,-0.005,0.11
2014-10-27,1.265,1.44,-0.025,0.5,0.115,0.65,1.61,2.975,-0.015,0.11
2014-10-28,1.265,1.405,-0.025,0.5,0.115,0.65,1.63,2.975,-0.025,0.11
2014-10-29,1.265,1.39,0.1,0.5,0.115,0.65,1.64,2.975,-0.01,0.11
2014-10-30,1.265,1.375,0.1,0.5,0.115,0.65,1.64,2.975,-0.01,0.11
2014-10-31,1.265,1.375,0.1,0.5,0.115,0.65,1.63,2.975,0.0,0.11
2014-11-03,1.265,1.39,0.1,0.5,0.115,0.65,1.63,2.975,-0.005,0.11
2014-11-04,1.265,1.38,0.1,0.5,0.115,0.65,1.57,2.975,-0.005,0.11
2014-11-05,1.265,1.42,0.1,0.5,0.115,0.65,1.63,2.975,0.0,0.11
2014-11-06,1.265,1.415,0.1,0.5,0.115,0.65,1.68,2.975,0.0,0.11
2014-11-07,1.265,1.42,0.1,0.5,0.115,0.65,1.68,2.975,-0.02,0.11
2014-11-10,1.265,1.45,0.1,0.5,0.115,0.65,1.71,2.975,-0.02,0.11
2014-11-11,1.265,1.465,0.1,0.5,0.115,0.65,1.71,2.975,-0.025,0.11
2014-11-12,1.265,1.455,0.1,0.5,0.115,0.65,1.71,2.975,-0.01,0.11
2014-11-13,1.265,1.46,0.1,0.5,0.115,0.65,1.69,2.975,-0.02,0.11
2014-11-14,1.265,1.46,0.1,0.5,0.115,0.65,1.79,2.975,-0.025,0.11
2014-11-17,1.265,1.45,0.1,0.5,0.115,0.65,1.81,2.975,-0.02,0.11
2014-11-18,1.265,1.455,0.1,0.5,0.115,0.65,1.83,2.975,-0.02,0.11
2014-11-19,1.265,1.44,0.1,0.5,0.125,0.65,1.84,2.975,-0.01,0.11
2014-11-20,1.265,1.45,0.1,0.5,0.125,0.65,1.79,2.975,-0.015,0.11
2014-11-21,1.265,1.445,0.1,0.5,0.125,0.65,1.77,2.975,-0.005,0.11
2014-11-24,1.265,1.45,0.1,0.5,0.125,0.65,1.77,2.975,0.0,0.11
2014-11-25,1.265,1.43,0.1,0.5,0.125,0.65,1.77,2.975,0.0,0.11
2014-11-26,1.265,1.42,0.1,0.5,0.125,0.65,1.77,2.975,0.005,0.11
2014-11-27,1.265,1.36,0.1,0.5,0.125,0.65,1.77,2.975,0.02,0.11
2014-11-28,1.265,1.36,0.1,0.5,0.125,0.65,1.73,2.975,0.025,0.11
2014-12-01,1.265,1.35,0.1,0.5,0.125,0.65,1.72,2.975,0.025,0.11
2014-12-02,1.265,1.35,0.1,0.5,0.125,0.65,1.75,2.975,0.035,0.11
2014-12-03,1.265,1.36,0.1,0.5,0.125,0.65,1.77,2.975,0.035,0.11
2014-12-04,1.265,1.31,0.0,0.5,0.125,0.65,1.77,2.975,0.03,0.11
2014-12-05,1.265,1.285,0.0,0.5,0.125,0.65,1.78,2.975,0.03,0.11
2014-12-08,1.265,1.305,0.0,0.5,0.125,0.65,1.77,2.975,0.03,0.11
2014-12-09,1.265,1.31,0.1,0.5,0.125,0.65,1.76,2.975,0.03,0.11
2014-12-10,1.265,1.29,0.1,0.5,0.125,0.65,1.75,2.975,0.035,0.11
2014-12-11,1.265,1.175,0.1,0.5,0.125,0.65,1.75,2.975,0.04,0.11
2014-12-12,1.265,1.155,0.1,0.5,0.125,0.65,1.74,2.975,0.01,0.11
2014-12-15,1.265,1.165,0.1,0.5,0.125,0.65,1.73,2.975,0.01,0.11
2014-12-16,1.265,1.13,0.1,0.5,0.125,0.65,1.75,2.975,0.02,0.11
2014-12-17,1.265,1.13,0.1,0.5,0.125,0.65,1.73,2.975,0.05,0.11
2014-12-18,1.265,1.14,0.1,0.5,0.125,0.65,1.71,2.975,0.05,0.11
2014-12-19,1.265,1.14,0.1,0.5,0.0,0.65,1.71,2.975,0.02,0.11
2014-12-22,1.265,1.13,0.1,0.5,0.125,0.65,1.705,2.975,0.05,0.11
2014-12-23,1.265,1.13,0.1,0.5,0.125,0.65,1.68,2.975,0.05,0.11
2014-12-24,1.265,1.12,0.1,0.5,0.125,0.65,1.65,2.975,0.05,0.11
2014-12-25,1.265,1.125,0.1,0.5,0.125,0.65,1.65,2.975,0.05,0.11
2014-12-26,1.265,1.12,0.1,0.5,0.125,0.65,1.65,2.975,0.04,0.11
2014-12-29,1.265,1.12,0.1,0.5,0.125,0.65,1.665,2.975,0.04,0.11
2014-12-30,1.265,1.1,0.1,0.5,0.125,0.65,1.67,2.975,0.03,0.11
2014-12-31,1.265,1.08,0.1,0.5,0.125,0.65,1.65,2.975,0.04,0.11
2015-01-01,1.265,1.085,0.1,0.5,0.125,0.65,1.655,2.975,0.04,0.11
2015-01-02,1.265,1.08,0.1,0.5,0.125,0.65,1.65,2.975,0.04,0.11
2015-01-05,1.265,1.06,0.1,0.5,0.125,0.65,1.63,2.975,0.03,0.11
2015-01-06,1.265,1.03,0.1,0.5,0.115,0.65,1.62,2.975,0.01,0.11
2015-01-07,1.265,1.0,0.1,0.5,0.115,0.65,1.595,2.975,0.02,0.11
2015-01-08,1.265,1.025,0.1,0.5,0.115,0.65,1.59,2.975,0.05,0.11
2015-01-09,1.265,1.01,0.1,0.5,0.115,0.65,1.605,2.975,0.035,0.11
2015-01-12,1.265,1.0,0.1,0.5,0.115,0.65,1.54,2.975,0.04,0.11
2015-01-13,1.265,0.97,0.1,0.5,0.115,0.65,1.53,2.975,0.05,0.11
2015-01-14,1.265,0.96,0.1,0.5,0.115,0.65,1.545,2.975,0.05,0.11
2015-01-15,1.265,0.95,0.1,0.5,0.095,0.65,1.385,2.975,0.02,0.11
2015-01-16,1.265,0.91,0.1,0.5,0.095,0.65,1.265,2.975,-0.025,0.11
2015-01-19,1.265,0.91,0.1,0.5,0.095,0.65,1.33,2.975,-0.17,0.11
2015-01-20,1.265,0.91,0.05,0.5,0.085,0.65,1.435,2.975,-0.325,0.11
2015-01-21,1.265,0.91,0.05,0.5,0.085,0.65,1.475,2.975,-0.29,0.11
2015-01-22,1.265,0.87,0.05,0.5,0.085,0.65,1.385,2.975,-0.385,0.11
2015-01-23,1.265,0.81,0.05,0.5,0.085,0.65,1.395,2.975,-0.46,0.11
2015-01-26,1.265,0.81,0.05,0.5,0.085,0.65,1.395,2.975,-0.515,0.11
2015-01-27,1.265,0.84,0.05,0.5,0.085,0.65,1.38,2.975,-0.39,0.11
2015-01-28,1.265,0.87,0.05,0.5,0.085,0.65,1.405,2.975,-0.435,0.11
2015-01-29,1.265,0.86,0.05,0.5,0.085,0.65,1.43,2.975,-0.53,0.11
2015-01-30,1.265,0.88,0.05,0.5,0.085,0.65,1.41,2.975,-0.64,0.11
2015-02-02,1.265,0.9,0.05,0.5,0.085,0.65,1.435,2.975,-0.74,0.11
2015-02-03,1.265,0.905,0.05,0.5,0.085,0.65,1.395,2.975,-0.9,0.11
2015-02-04,1.265,0.925,0.05,0.5,0.085,0.65,1.365,2.975,-0.995,0.11
2015-02-05,1.265,0.925,0.05,0.5,0.085,0.65,1.345,2.975,-0.89,0.11
2015-02-06,1.265,0.975,0.05,0.5,0.075,0.65,1.355,2.975,-0.74,0.11
2015-02-09,1.265,0.96,0.05,0.5,0.075,0.65,1.355,2.975,-0.905,0.11
2015-02-10,1.265,1.0,0.05,0.5,0.075,0.65,1.355,2.975,-1.15,0.11
2015-02-11,1.265,1.005,0.05,0.5,0.075,0.65,1.365,2.975,-1.48,0.11
2015-02-12,1.265,0.935,0.05,0.5,0.075,0.65,1.385,2.975,-1.095,0.11
2015-02-13,1.265,0.96,0.05,0.5,0.075,0.65,1.375,2.975,-1.18,0.11
2015-02-16,1.265,0.965,0.05,0.5,0.075,0.65,1.395,2.975,-1.235,0.11
2015-02-17,1.265,0.965,0.05,0.5,0.075,0.65,1.395,2.975,-1.385,0.11
2015-02-18,1.265,0.965,0.05,0.5,0.075,0.65,1.405,2.975,-1.345,0.11
2015-02-19,1.265,0.945,0.05,0.5,0.075,0.65,1.405,2.975,-1.295,0.11
2015-02-20,1.265,0.97,0.05,0.5,0.075,0.65,1.425,2.975,-0.71,0.11
2015-02-23,1.265,0.96,0.05,0.5,0.075,0.65,1.415,2.975,-0.48,0.11
2015-02-24,1.265,0.955,0.05,0.5,0.075,0.65,1.415,2.975,-0.77,0.11
2015-02-25,1.265,0.94,0.05,0.5,0.075,0.65,1.405,2.975,-0.74,0.11
2015-02-26,1.265,0.94,0.05,0.5,0.075,0.65,1.405,2.975,-0.675,0.11
2015-02-27,1.265,0.94,0.05,0.5,0.075,0.65,1.415,2.975,-0.69,0.11
2015-03-02,1.265,0.935,0.05,0.5,0.075,0.65,1.425,2.975,-0.735,0.11
2015-03-03,1.265,0.945,0.05,0.5,0.075,0.65,1.44,2.975,-0.815,0.11
2015-03-04,1.265,0.95,0.05,0.5,0.075,0.65,1.435,2.975,-0.82,0.11
2015-03-05,1.265,1.01,0.05,0.5,0.075,0.65,1.42,2.975,-0.825,0.11
2015-03-06,1.265,1.075,0.05,0.5,0.055,0.65,1.52,2.975,-0.81,0.11
2015-03-09,1.265,1.04,0.05,0.5,0.055,0.65,1.51,2.975,-0.785,0.11
2015-03-10,1.265,0.99,0.05,0.5,0.055,0.65,1.49,2.975,-0.8,0.11
2015-03-11,1.265,0.995,0.05,0.5,0.055,0.65,1.5,2.975,-0.85,0.11
2015-03-12,1.265,1.0,0.05,0.5,0.055,0.65,1.64,2.975,-0.915,0.11
2015-03-13,1.265,0.995,0.05,0.5,0.055,0.65,1.655,2.975,-0.9,0.11
2015-03-16,1.265,0.99,0.05,0.5,0.055,0.65,1.665,2.975,-0.875,0.11
2015-03-17,1.265,0.92,0.05,0.5,0.055,0.65,1.705,2.975,-0.795,0.11
2015-03-18,1.265,0.855,0.05,0.5,0.045,0.65,1.715,2.975,-0.605,0.11
2015-03-19,1.265,1.12,0.1,0.5,0.045,0.65,1.74,2.975,-0.595,0.11
2015-03-20,1.265,1.135,0.1,0.5,0.045,0.65,1.745,2.975,-0.66,0.11
2015-03-23,1.265,1.15,0.1,0.5,0.045,0.65,1.765,2.975,-0.64,0.11
2015-03-24,1.265,1.165,0.1,0.5,0.045,0.65,1.765,2.975,-0.63,0.11
2015-03-25,1.265,1.155,0.1,0.5,0.045,0.65,1.775,2.975,-0.57,0.11
2015-03-26,1.265,1.15,0.1,0.5,0.045,0.65,1.76,2.975,-0.565,0.11
2015-03-27,1.265,1.155,0.1,0.5,0.035,0.65,1.76,2.975,-0.55,0.11
2015-03-30,1.265,1.14,0.1,0.5,0.035,0.65,1.75,2.975,-0.545,0.11
2015-03-31,1.265,1.125,0.1,0.5,0.035,0.65,1.75,2.975,-0.595,0.11
2015-04-01,1.265,1.12,0.1,0.5,0.035,0.65,1.77,2.975,-0.545,0.11
2015-04-02,1.265,1.13,0.1,0.5,0.035,0.65,1.765,2.975,-0.58,0.11
2015-04-03,1.265,1.13,0.1,0.5,0.035,0.65,1.765,2.975,-0.575,0.11
2015-04-06,1.265,1.125,0.1,0.5,0.035,0.65,1.765,2.975,-0.605,0.11
2015-04-07,1.265,1.12,0.05,0.5,0.035,0.65,1.75,2.975,-0.535,0.11
2015-04-08,1.265,1.105,0.05,0.5,0.035,0.65,1.75,2.975,-0.415,0.11
2015-04-09,1.265,1.1,0.05,0.5,0.035,0.65,1.705,2.975,-0.48,0.11
2015-04-10,1.265,1.115,0.05,0.5,0.035,0.65,1.705,2.975,-0.495,0.11
2015-04-13,1.265,1.13,0.05,0.5,0.035,0.65,1.7,2.975,-0.57,0.11
2015-04-14,1.265,1.15,0.05,0.5,0.035,0.65,1.735,2.975,-0.59,0.11
2015-04-15,1.265,1.155,0.05,0.5,0.035,0.65,1.72,2.975,-0.595,0.11
2015-04-16,1.265,1.175,0.05,0.5,0.035,0.65,1.735,2.975,-0.635,0.11
2015-04-17,1.265,1.155,0.05,0.5,0.025,0.65,1.745,2.975,-0.625,0.11
2015-04-20,1.265,1.13,0.05,0.5,0.025,0.65,1.75,2.975,-0.655,0.11
2015-04-21,1.265,1.13,0.05,0.5,0.025,0.65,1.72,2.975,-0.705,0.11
2015-04-22,1.265,1.135,0.05,0.5,0.025,0.65,1.69,2.975,-0.67,0.11
2015-04-23,1.265,1.165,0.05,0.5,0.025,0.65,1.71,2.975,-0.705,0.11
2015-04-24,1.265,1.21,0.05,0.5,0.025,0.65,1.695,2.975,-0.635,0.11
2015-04-27,1.265,1.2,0.05,0.5,0.025,0.65,1.7,2.975,-0.66,0.11
2015-04-28,1.265,1.215,0.05,0.5,0.025,0.65,1.7,2.975,-0.68,0.11
2015-04-29,1.265,1.265,0.05,0.5,0.025,0.65,1.7,2.975,-0.695,0.11
2015-04-30,1.265,1.25,0.05,0.5,0.025,0.65,1.71,2.975,-0.63,0.11
2015-05-01,1.265,1.245,0.05,0.5,0.025,0.65,1.7,2.975,-0.63,0.11
2015-05-04,1.265,1.23,0.05,0.5,0.025,0.65,1.715,2.975,-0.625,0.11
2015-05-05,1.265,1.22,0.05,0.5,0.015,0.65,1.73,2.975,-0.62,0.11
2015-05-06,1.265,1.22,0.05,0.5,0.015,0.65,1.74,2.975,-0.605,0.11
2015-05-07,1.265,1.285,0.05,0.5,0.015,0.65,1.73,2.975,-0.51,0.11
2015-05-08,1.265,1.28,0.05,0.5,0.015,0.65,1.7,2.975,-0.48,0.11
2015-05-11,1.265,1.275,0.05,0.5,0.015,0.65,1.69,2.975,-0.46,0.11
2015-05-12,1.265,1.28,0.05,0.5,0.015,0.65,1.69,2.975,-0.43,0.11
2015-05-13,1.265,1.315,0.05,0.5,0.015,0.65,1.68,2.975,-0.38,0.11
2015-05-14,1.265,1.315,0.05,0.5,0.015,0.65,1.69,2.975,-0.39,0.11
2015-05-15,1.265,1.325,0.05,0.5,0.015,0.65,1.67,2.975,-0.4,0.11
2015-05-18,1.265,1.33,0.05,0.5,0.015,0.65,1.68,2.975,-0.34,0.11
2015-05-19,1.265,1.32,0.05,0.5,0.015,0.65,1.655,2.975,-0.38,0.11
2015-05-20,1.265,1.335,0.05,0.5,-0.005,0.65,1.645,2.975,-0.425,0.11
2015-05-21,1.265,1.32,0.05,0.5,-0.005,0.65,1.65,2.975,-0.435,0.11
2015-05-22,1.265,1.3,0.05,0.5,-0.005,0.65,1.665,2.975,-0.43,0.11
2015-05-25,1.265,1.295,0.05,0.5,-0.005,0.65,1.65,2.975,-0.41,0.11
2015-05-26,1.265,1.265,0.05,0.5,-0.005,0.65,1.665,2.975,-0.415,0.11
2015-05-27,1.265,1.255,0.05,0.5,-0.005,0.65,1.665,2.975,-0.46,0.11
2015-05-28,1.265,1.24,0.05,0.5,-0.005,0.65,1.665,2.975,-0.475,0.11
2015-05-29,1.265,1.255,0.05,0.5,-0.005,0.65,1.675,2.975,-0.475,0.11
2015-06-01,1.265,1.24,0.05,0.5,-0.005,0.65,1.665,2.975,-0.43,0.11
2015-06-02,1.265,1.235,0.05,0.5,-0.005,0.65,1.635,2.975,-0.465,0.11
2015-06-03,1.265,1.245,0.05,0.5,-0.005,0.65,1.62,2.975,-0.495,0.11
2015-06-04,1.265,1.245,0.05,0.5,-0.005,0.65,1.605,2.975,-0.49,0.11
2015-06-05,1.265,1.21,0.05,0.5,-0.005,0.65,1.635,2.975,-0.49,0.11
2015-06-08,1.265,1.2,0.05,0.5,-0.005,0.65,1.605,2.975,-0.49,0.11
2015-06-09,1.265,1.21,0.05,0.5,-0.005,0.65,1.615,2.975,-0.46,0.11
2015-06-10,1.265,1.19,0.05,0.5,-0.005,0.65,1.59,2.975,-0.415,0.11
2015-06-11,1.265,1.19,0.05,0.5,-0.005,0.65,1.585,2.975,-0.385,0.11
2015-06-12,1.265,1.225,0.05,0.5,-0.005,0.65,1.61,2.975,-0.395,0.11
2015-06-15,1.265,1.21,0.05,0.5,-0.005,0.65,1.6,2.975,-0.41,0.11
2015-06-16,1.265,1.21,0.05,0.5,-0.005,0.65,1.6,2.975,-0.48,0.11
2015-06-17,1.265,1.21,0.05,0.5,-0.005,0.65,1.555,2.975,-0.47,0.11
2015-06-18,1.265,1.17,0.05,0.5,-0.005,0.65,1.55,2.975,-0.55,0.11
2015-06-19,1.265,1.16,0.05,0.5,-0.005,0.65,1.55,2.975,-0.52,0.11
2015-06-22,1.265,1.17,0.05,0.5,-0.005,0.65,1.54,2.975,-0.52,0.11
2015-06-23,1.265,1.165,0.05,0.5,-0.005,0.65,1.505,2.975,-0.46,0.11
2015-06-24,1.265,1.155,0.05,0.5,-0.005,0.65,1.52,2.975,-0.46,0.11
2015-06-25,1.265,1.165,0.05,0.5,-0.005,0.65,1.52,2.975,-0.47,0.11
2015-06-26,1.265,1.165,0.05,0.5,-0.005,0.65,1.52,2.975,-0.465,0.11
2015-06-29,1.265,1.155,0.05,0.5,-0.005,0.65,1.535,2.975,-0.485,0.11
2015-06-30,1.265,1.15,0.05,0.5,-0.005,0.65,1.53,2.975,-0.5,0.11
2015-07-01,1.265,1.145,0.05,0.5,-0.005,0.65,1.5,2.975,-0.495,0.11
2015-07-02,1.265,1.125,0.05,0.5,-0.005,0.65,1.51,2.975,-0.485,0.11
2015-07-03,1.265,1.11,0.05,0.5,-0.005,0.65,1.53,2.975,-0.51,0.11
2015-07-06,1.265,1.115,0.05,0.5,-0.005,0.65,1.53,2.975,-0.515,0.11
2015-07-07,1.265,1.08,0.05,0.5,-0.005,0.65,1.51,2.975,-0.555,0.11
2015-07-08,1.265,1.065,0.05,0.5,-0.005,0.65,1.5,2.975,-0.585,0.11
2015-07-09,1.265,1.09,0.05,0.5,-0.005,0.65,1.5,2.975,-0.585,0.11
2015-07-10,1.265,1.13,0.05,0.5,-0.005,0.65,1.505,2.975,-0.615,0.11
2015-07-13,1.265,1.135,0.05,0.5,-0.005,0.65,1.5,2.975,-0.54,0.11
2015-07-14,1.265,1.115,0.05,0.5,-0.005,0.65,1.49,2.975,-0.555,0.11
2015-07-15,1.265,1.11,0.05,0.5,-0.005,0.65,1.5,2.975,-0.495,0.11
2015-07-16,1.265,1.09,0.05,0.5,-0.005,0.65,1.505,2.975,-0.495,0.11
2015-07-17,1.265,1.11,0.05,0.5,-0.005,0.65,1.51,2.975,-0.485,0.11
2015-07-20,1.265,1.1,0.05,0.5,-0.005,0.65,1.51,2.975,-0.45,0.11
2015-07-21,1.265,1.09,0.05,0.5,-0.005,0.65,1.53,2.975,-0.43,0.11
2015-07-22,1.265,1.09,0.05,0.5,-0.005,0.65,1.525,2.975,-0.425,0.11
2015-07-23,1.265,1.08,0.05,0.5,-0.005,0.65,1.55,2.975,-0.39,0.11
2015-07-24,1.265,1.075,0.05,0.5,-0.005,0.65,1.55,2.975,-0.395,0.11
2015-07-27,1.265,1.08,0.05,0.5,-0.005,0.65,1.56,2.975,-0.4,0.11
2015-07-28,1.265,1.08,0.05,0.5,-0.005,0.65,1.56,2.975,-0.4,0.11
2015-07-29,1.265,1.11,0.05,0.5,-0.005,0.65,1.57,2.975,-0.39,0.11
2015-07-30,1.265,1.095,0.05,0.5,-0.005,0.65,1.57,2.975,-0.365,0.11
2015-07-31,1.265,1.07,0.05,0.5,-0.005,0.65,1.58,2.975,-0.39,0.11
2015-08-03,1.265,1.08,0.05,0.5,-0.005,0.65,1.57,2.975,-0.4,0.11
2015-08-04,1.265,1.08,0.05,0.5,-0.005,0.65,1.59,2.975,-0.38,0.11
2015-08-05,1.265,1.04,0.05,0.5,-0.005,0.65,1.62,2.975,-0.39,0.11
2015-08-06,1.265,1.04,0.05,0.5,-0.005,0.65,1.61,2.975,-0.405,0.11
2015-08-07,1.265,1.05,0.05,0.5,-0.005,0.65,1.63,2.975,-0.405,0.11
2015-08-10,1.265,1.065,0.05,0.5,-0.005,0.65,1.63,2.975,-0.39,0.11
2015-08-11,1.265,1.055,0.05,0.5,-0.005,0.65,1.63,2.975,-0.38,0.11
2015-08-12,1.265,1.06,0.05,0.5,-0.005,0.65,1.63,2.975,-0.375,0.11
2015-08-13,1.265,1.05,0.05,0.5,-0.005,0.65,1.63,2.975,-0.325,0.11
2015-08-14,1.265,1.045,0.05,0.5,-0.005,0.65,1.635,2.975,-0.315,0.11
2015-08-17,1.265,1.04,0.05,0.5,-0.005,0.65,1.635,2.975,-0.305,0.11
2015-08-18,1.265,1.025,0.05,0.5,-0.005,0.65,1.62,2.975,-0.285,0.11
2015-08-19,1.265,1.01,0.05,0.5,-0.005,0.65,1.61,2.975,-0.295,0.11
2015-08-20,1.265,1.02,0.05,0.5,-0.005,0.65,1.6,2.975,-0.335,0.11
2015-08-21,1.265,1.015,0.05,0.5,-0.005,0.65,1.6,2.975,-0.355,0.11
2015-08-24,1.265,1.0,0.05,0.5,-0.005,0.65,1.62,2.975,-0.355,0.11
2015-08-25,1.265,0.99,0.05,0.5,-0.005,0.65,1.6,2.975,-0.305,0.11
2015-08-26,1.265,1.0,0.05,0.5,-0.005,0.65,1.59,2.975,-0.32,0.11
2015-08-27,1.265,1.005,0.05,0.5,-0.005,0.65,1.59,2.975,-0.3,0.11
2015-08-28,1.265,0.995,0.0,0.5,-0.005,0.65,1.57,2.975,-0.29,0.11
2015-08-31,1.265,0.98,0.0,0.5,-0.005,0.65,1.59,2.975,-0.3,0.11
2015-09-01,1.265,1.01,0.0,0.5,-0.005,0.65,1.59,2.975,-0.33,0.11
2015-09-02,1.265,1.0,0.0,0.5,-0.005,0.65,1.56,2.975,-0.33,0.11
2015-09-03,1.265,1.01,0.0,0.5,-0.005,0.65,1.555,2.975,-0.315,0.11
2015-09-04,1.265,1.015,0.0,0.5,-0.005,0.65,1.56,2.975,-0.325,0.11
2015-09-07,1.265,1.025,0.0,0.5,-0.005,0.65,1.555,2.975,-0.33,0.11
2015-09-08,1.265,1.015,0.0,0.5,-0.005,0.65,1.57,2.975,-0.33,0.11
2015-09-09,1.265,1.03,-0.05,0.5,-0.005,0.65,1.53,2.975,-0.3,0.11
2015-09-10,1.265,1.03,-0.05,0.5,-0.005,0.65,1.54,2.975,-0.295,0.11
2015-09-11,1.265,1.035,-0.05,0.5,-0.005,0.65,1.57,2.975,-0.265,0.11
2015-09-14,1.265,1.01,-0.05,0.5,-0.005,0.65,1.58,2.975,-0.255,0.11
2015-09-15,1.265,1.04,-0.05,0.5,-0.005,0.65,1.59,2.975,-0.275,0.11
2015-09-16,1.265,1.03,-0.05,0.5,-0.005,0.65,1.605,2.975,-0.28,0.11
2015-09-17,1.265,1.03,-0.05,0.5,-0.005,0.65,1.63,2.975,-0.28,0.11
2015-09-18,1.265,1.06,-0.05,0.5,-0.005,0.65,1.615,2.975,-0.28,0.11
2015-09-21,1.265,1.04,-0.05,0.5,-0.005,0.65,1.635,2.975,-0.275,0.11
2015-09-22,1.265,1.02,-0.05,0.5,-0.005,0.65,1.61,2.975,-0.275,0.11
2015-09-23,1.265,1.05,-0.05,0.5,-0.005,0.65,1.61,2.975,-0.295,0.11
2015-09-24,1.265,0.955,-0.05,0.5,-0.005,0.65,1.63,2.975,-0.3,0.11
2015-09-25,1.265,0.965,-0.05,0.5,-0.005,0.65,1.63,2.975,-0.295,0.11
2015-09-28,1.265,0.985,-0.05,0.5,-0.005,0.65,1.61,2.975,-0.305,0.11
2015-09-29,1.265,0.99,-0.05,0.5,-0.005,0.65,1.605,2.975,-0.295,0.11
2015-09-30,1.265,0.96,-0.05,0.5,-0.005,0.65,1.62,2.975,-0.3,0.11
2015-10-01,1.265,0.96,-0.05,0.5,-0.005,0.65,1.64,2.975,-0.305,0.11
2015-10-02,1.265,0.97,-0.05,0.5,-0.005,0.65,1.62,2.975,-0.355,0.11
2015-10-05,1.265,0.97,-0.05,0.5,-0.005,0.65,1.625,2.975,-0.285,0.11
2015-10-06,1.265,0.965,-0.05,0.5,-0.005,0.65,1.64,2.975,-0.31,0.11
2015-10-07,1.265,0.99,-0.05,0.5,-0.005,0.65,1.625,2.975,-0.3,0.11
2015-10-08,1.265,0.985,-0.05,0.5,-0.005,0.65,1.62,2.975,-0.305,0.11
2015-10-09,1.265,0.985,-0.05,0.5,-0.005,0.65,1.61,2.975,-0.31,0.11
2015-10-12,1.265,0.995,-0.05,0.5,-0.005,0.65,1.625,2.975,-0.32,0.11
2015-10-13,1.265,1.0,-0.05,0.5,-0.005,0.65,1.62,2.975,-0.32,0.11
2015-10-14,1.265,0.98,-0.05,0.5,-0.005,0.85,1.595,2.975,-0.325,0.11
2015-10-15,1.265,0.985,-0.05,0.5,-0.005,0.85,1.61,2.975,-0.33,0.11
2015-10-16,1.265,0.97,-0.05,0.5,-0.005,0.85,1.61,2.975,-0.325,0.11
2015-10-19,1.265,0.98,-0.05,0.5,-0.005,0.85,1.58,2.975,-0.33,0.11
2015-10-20,1.265,0.995,-0.05,0.5,-0.025,0.85,1.55,2.975,-0.33,0.11
2015-10-21,1.265,0.98,-0.05,0.5,-0.025,0.85,1.55,2.975,-0.34,0.11
2015-10-22,1.265,0.955,-0.05,0.5,-0.045,0.85,1.54,2.975,-0.385,0.11
2015-10-23,1.265,0.94,-0.05,0.5,-0.055,0.85,1.54,2.975,-0.425,0.11
2015-10-26,1.265,0.92,-0.05,0.5,-0.055,0.85,1.55,2.975,-0.475,0.11
2015-10-27,1.265,0.915,-0.05,0.5,-0.055,0.85,1.54,2.975,-0.495,0.11
2015-10-28,1.265,0.905,-0.05,0.5,-0.055,0.85,1.55,2.975,-0.495,0.11
2015-10-29,1.265,0.9,0.05,0.5,-0.055,0.85,1.56,2.975,-0.495,0.11
2015-10-30,1.265,0.9,0.05,0.5,-0.055,0.85,1.55,2.975,-0.505,0.11
2015-11-02,1.265,0.905,0.05,0.5,-0.055,0.85,1.55,2.975,-0.495,0.11
2015-11-03,1.265,0.88,0.05,0.5,-0.055,0.85,1.57,2.975,-0.485,0.11
2015-11-04,1.265,0.865,0.05,0.5,-0.055,0.85,1.58,2.975,-0.495,0.11
2015-11-05,1.265,0.9,-0.05,0.5,-0.055,0.85,1.58,2.975,-0.525,0.11
2015-11-06,1.265,0.91,-0.05,0.5,-0.055,0.85,1.57,2.975,-0.53,0.11
2015-11-09,1.265,0.895,-0.15,0.5,-0.055,0.85,1.615,2.975,-0.55,0.11
2015-11-10,1.265,0.91,-0.15,0.5,-0.055,0.85,1.605,2.975,-0.535,0.11
2015-11-11,1.265,0.9,-0.1,0.5,-0.055,0.85,1.61,2.975,-0.555,0.11
2015-11-12,1.265,0.895,-0.05,0.5,-0.055,0.85,1.57,2.975,-0.575,0.11
2015-11-13,1.265,0.89,-0.05,0.5,-0.055,0.85,1.565,2.975,-0.545,0.11
2015-11-16,1.265,0.88,-0.05,0.5,-0.055,0.85,1.57,2.975,-0.555,0.11
2015-11-17,1.265,0.9,-0.05,0.5,-0.055,0.85,1.58,2.975,-0.565,0.11
2015-11-18,1.265,0.89,-0.05,0.5,-0.055,0.85,1.58,2.975,-0.545,0.11
2015-11-19,1.265,0.91,-0.05,0.5,-0.055,0.85,1.56,2.975,-0.535,0.11
2015-11-20,1.265,0.91,-0.05,0.5,-0.055,0.85,1.55,2.975,-0.535,0.11
2015-11-23,1.265,0.915,-0.05,0.5,-0.055,0.85,1.56,2.975,-0.53,0.11
2015-11-24,1.265,0.86,0.0,0.5,-0.075,0.85,1.54,2.975,-0.545,0.11
2015-11-25,1.265,0.885,0.0,0.5,-0.075,0.85,1.52,2.975,-0.54,0.11
2015-11-26,1.265,0.855,0.0,0.5,-0.075,0.85,1.54,2.975,-0.535,0.11
2015-11-27,1.265,0.87,0.0,0.5,-0.075,0.85,1.56,2.975,-0.525,0.11
2015-11-30,1.265,0.87,0.0,0.5,-0.065,0.85,1.56,2.975,-0.54,0.11
2015-12-01,1.265,0.85,0.0,0.5,-0.065,0.85,1.51,2.975,-0.565,0.11
2015-12-02,1.265,0.84,0.0,0.5,-0.065,0.85,1.515,2.975,-0.615,0.11
2015-12-03,1.265,0.86,0.0,0.5,-0.065,0.85,1.47,2.975,-0.56,0.11
2015-12-04,1.265,0.84,0.0,0.5,-0.065,0.85,1.47,2.975,-0.54,0.11
2015-12-07,1.265,0.82,0.0,0.5,-0.065,0.85,1.46,2.975,-0.565,0.11
2015-12-08,1.265,0.81,0.0,0.5,-0.065,0.85,1.445,2.975,-0.555,0.11
2015-12-09,1.265,0.82,0.0,0.5,-0.065,0.85,1.475,2.975,-0.535,0.11
2015-12-10,1.265,0.85,0.0,0.5,-0.065,0.85,1.515,2.975,-0.49,0.11
2015-12-11,1.265,0.845,0.0,0.5,-0.065,0.85,1.535,2.975,-0.515,0.11
2015-12-14,1.265,0.84,0.0,0.5,-0.065,0.85,1.575,2.975,-0.49,0.11
2015-12-15,1.265,0.835,0.0,0.5,-0.065,0.85,1.595,2.975,-0.46,0.11
2015-12-16,1.265,0.84,0.0,0.5,-0.065,0.85,1.575,2.975,-0.475,0.11
2015-12-17,1.265,0.97,0.0,0.5,-0.065,0.85,1.565,2.975,-0.4,0.11
2015-12-18,1.265,0.985,0.0,0.5,-0.065,0.85,1.565,2.975,-0.4,0.11
2015-12-21,1.265,0.985,0.0,0.5,-0.065,0.85,1.575,2.975,-0.39,0.11
2015-12-22,1.265,1.0,0.0,0.5,-0.065,0.85,1.585,2.975,-0.375,0.11
2015-12-23,1.265,1.02,0.0,0.5,-0.065,0.85,1.535,2.975,-0.39,0.11
2015-12-24,1.265,1.02,0.0,0.5,-0.065,0.85,1.54,2.975,-0.41,0.11
2015-12-25,1.265,1.02,0.0,0.5,-0.065,0.85,1.54,2.975,-0.4,0.11
2015-12-28,1.265,0.995,0.0,0.5,-0.065,0.85,1.55,2.975,-0.39,0.11
2015-12-29,1.265,0.98,0.0,0.5,-0.065,0.85,1.515,2.975,-0.375,0.11
2015-12-30,1.265,0.98,0.0,0.5,-0.065,0.85,1.55,2.975,-0.355,0.11
2015-12-31,1.265,0.965,0.0,0.5,-0.065,0.85,1.515,2.975,-0.355,0.11
2016-01-01,1.265,0.965,0.0,0.5,-0.065,0.85,1.525,2.975,-0.35,0.11
2016-01-04,1.265,0.98,0.0,0.5,-0.065,0.85,1.535,2.975,-0.34,0.11
2016-01-05,1.265,1.0,0.0,0.5,-0.065,0.85,1.54,2.975,-0.28,0.11
2016-01-06,1.265,0.985,0.0,0.5,-0.065,0.85,1.565,2.975,-0.25,0.11
2016-01-07,1.265,0.985,0.0,0.5,-0.065,0.85,1.605,2.975,-0.255,0.11
2016-01-08,1.265,0.98,0.0,0.5,-0.065,0.85,1.585,2.975,-0.29,0.11
2016-01-11,1.265,0.98,0.0,0.5,-0.065,0.85,1.55,2.975,-0.295,0.11
2016-01-12,1.265,1.0,0.0,0.5,-0.075,0.85,1.51,2.975,-0.315,0.11
2016-01-13,1.265,1.035,0.0,0.5,-0.075,0.85,1.475,2.975,-0.31,0.11
2016-01-14,1.265,1.035,0.0,0.5,-0.075,0.85,1.49,2.975,-0.3,0.11
2016-01-15,1.265,1.04,0.0,0.5,-0.075,0.85,1.49,2.975,-0.305,0.11
2016-01-18,1.265,1.035,0.0,0.51,-0.075,0.85,1.49,2.975,-0.295,0.11
2016-01-19,1.265,1.035,0.0,0.53,-0.075,0.85,1.5,2.975,-0.275,0.11
2016-01-20,1.265,1.03,0.0,0.65,-0.075,0.85,1.42,2.975,-0.275,0.11
2016-01-21,1.265,1.04,0.0,0.77,-0.095,2.5,1.375,2.975,-0.275,0.11
2016-01-22,1.265,1.045,0.0,0.91,-0.095,2.5,1.375,2.975,-0.28,0.11
2016-01-25,1.265,1.055,0.0,0.91,-0.095,2.5,1.44,2.975,-0.28,0.11
2016-01-26,1.265,1.05,0.0,0.91,-0.095,2.5,1.46,2.975,-0.285,0.11
2016-01-27,1.265,1.05,0.0,0.91,-0.095,2.5,1.455,2.975,-0.29,0.11
2016-01-28,1.265,1.06,0.0,0.91,-0.095,2.5,1.35,2.975,-0.31,0.11
2016-01-29,1.265,1.05,-0.025,0.91,-0.095,2.5,1.325,2.975,-0.31,0.11
2016-02-01,1.265,1.06,-0.025,0.91,-0.095,2.25,1.29,2.975,-0.325,0.11
2016-02-02,1.265,1.045,-0.025,0.91,-0.095,2.25,1.28,2.975,-0.335,0.11
2016-02-03,1.265,1.05,-0.025,0.91,-0.095,2.25,1.3,2.975,-0.375,0.11
2016-02-04,1.265,1.05,-0.025,0.91,-0.095,2.25,1.33,2.975,-0.36,0.11
2016-02-05,1.265,1.02,-0.025,0.91,-0.115,2.25,1.34,2.975,-0.38,0.11
2016-02-08,1.265,1.015,-0.025,0.91,-0.115,2.25,1.35,2.975,-0.37,0.11
2016-02-09,1.265,1.01,-0.075,0.91,-0.115,2.25,1.38,2.975,-0.37,0.11
2016-02-10,1.265,1.0,-0.05,0.91,-0.115,2.25,1.35,2.975,-0.35,0.11
2016-02-11,1.265,0.995,-0.05,0.91,-0.115,2.25,1.34,2.975,-0.37,0.11
2016-02-12,1.265,1.01,-0.05,0.91,-0.115,2.25,1.33,2.975,-0.375,0.11
2016-02-15,1.265,1.0,-0.05,0.91,-0.135,2.25,1.32,2.975,-0.375,0.11
2016-02-16,1.265,1.0,-0.05,0.91,-0.135,2.25,1.335,2.975,-0.37,0.11
2016-02-17,1.265,0.99,-0.05,0.91,-0.135,2.25,1.285,2.975,-0.35,0.11
2016-02-18,1.265,0.955,-0.05,0.91,-0.135,2.25,1.245,2.975,-0.355,0.11
2016-02-19,1.265,0.955,-0.05,0.91,-0.135,2.25,1.21,2.975,-0.345,0.11
2016-02-22,1.265,0.96,-0.05,0.91,-0.135,2.25,1.22,2.975,-0.33,0.11
2016-02-23,1.265,0.96,-0.05,0.91,-0.135,2.25,1.23,2.975,-0.325,0.11
2016-02-24,1.265,0.945,-0.05,0.91,-0.135,2.25,1.22,2.975,-0.315,0.11
2016-02-25,1.265,0.93,-0.05,0.89,-0.135,2.25,1.2,2.975,-0.325,0.11
2016-02-26,1.265,0.935,-0.05,0.89,-0.135,2.25,1.23,2.975,-0.295,0.11
2016-02-29,1.265,0.9,-0.05,0.89,-0.135,2.25,1.21,2.975,-0.335,0.11
2016-03-01,1.265,0.9,-0.05,0.89,-0.135,2.25,1.21,2.975,-0.345,0.11
2016-03-02,1.265,0.91,0.0,0.88,-0.135,2.25,1.205,2.975,-0.325,0.11
2016-03-03,1.265,0.88,0.0,0.88,-0.135,2.25,1.2,2.975,-0.34,0.11
2016-03-04,1.265,0.9,0.0,0.88,-0.135,2.25,1.21,2.975,-0.35,0.11
2016-03-07,1.265,0.89,0.0,0.88,-0.175,2.25,1.19,2.975,-0.37,0.11
2016-03-08,1.265,0.895,0.0,0.88,-0.175,2.25,1.21,2.975,-0.385,0.11
2016-03-09,1.265,0.88,0.0,0.88,-0.175,2.25,1.22,2.975,-0.38,0.11
2016-03-10,1.265,0.895,0.0,0.88,-0.175,2.25,1.175,2.975,-0.38,0.11
2016-03-11,1.265,0.91,0.0,0.88,-0.175,2.25,1.18,2.975,-0.345,0.11
2016-03-14,1.265,0.91,0.0,0.88,-0.175,2.25,1.205,2.975,-0.355,0.11
2016-03-15,1.265,0.9,0.0,0.88,-0.175,2.25,1.25,2.975,-0.345,0.11
2016-03-16,1.265,0.89,0.0,0.88,-0.175,2.25,1.285,2.975,-0.345,0.11
2016-03-17,1.265,0.91,-0.05,0.88,-0.175,2.25,1.26,2.975,-0.35,0.11
2016-03-18,1.265,0.93,-0.05,0.88,-0.175,2.25,1.255,2.975,-0.375,0.11
2016-03-21,1.265,0.935,-0.05,0.88,-0.175,2.25,1.265,2.975,-0.365,0.11
2016-03-22,1.265,0.93,-0.1,0.88,-0.175,2.25,1.27,2.975,-0.37,0.11
2016-03-23,1.265,0.915,-0.1,0.88,-0.175,2.25,1.27,2.975,-0.345,0.11
2016-03-24,1.265,0.92,-0.1,0.88,-0.175,2.25,1.27,2.975,-0.335,0.11
2016-03-25,1.265,0.92,-0.1,0.88,-0.175,2.25,1.27,2.975,-0.335,0.11
2016-03-28,1.265,0.91,-0.1,0.88,-0.175,2.25,1.265,2.975,-0.34,0.11
2016-03-29,1.265,0.91,-0.1,0.88,-0.175,2.25,1.275,2.975,-0.345,0.11
2016-03-30,1.265,0.915,-0.1,0.88,-0.175,2.25,1.3,2.975,-0.345,0.11
2016-03-31,1.265,0.92,-0.1,0.88,-0.175,2.25,1.325,2.975,-0.345,0.11
2016-04-01,1.265,0.92,-0.1,0.88,-0.175,2.25,1.32,2.975,-0.35,0.11
2016-04-04,1.265,0.925,-0.1,0.88,-0.175,2.25,1.29,2.975,-0.38,0.11
2016-04-05,1.265,0.92,-0.1,0.88,-0.175,2.25,1.275,2.975,-0.485,0.11
2016-04-06,1.265,0.92,-0.1,0.88,-0.175,2.25,1.29,2.975,-0.525,0.11
2016-04-07,1.265,0.94,-0.1,0.88,-0.175,2.25,1.28,2.975,-0.54,0.11
2016-04-08,1.265,0.96,-0.1,0.88,-0.185,2.25,1.33,2.975,-0.545,0.11
2016-04-11,1.265,0.95,-0.1,0.88,-0.185,2.25,1.345,2.975,-0.535,0.11
2016-04-12,1.265,0.955,-0.1,0.88,-0.185,2.25,1.37,2.975,-0.495,0.11
2016-04-13,1.265,0.96,-0.1,0.88,-0.185,2.25,1.39,2.975,-0.45,0.11
2016-04-14,1.265,0.96,-0.1,0.88,-0.185,2.25,1.385,2.975,-0.425,0.11
2016-04-15,1.265,0.955,-0.1,0.88,-0.185,2.25,1.38,2.975,-0.435,0.11
2016-04-18,1.265,0.95,-0.1,0.88,-0.185,2.25,1.4,2.975,-0.41,0.11
2016-04-19,1.265,0.945,-0.1,0.88,-0.185,2.25,1.41,2.975,-0.39,0.11
2016-04-20,1.265,0.94,-0.1,0.88,-0.185,2.25,1.41,2.975,-0.38,0.11
2016-04-21,1.265,0.935,-0.1,0.88,-0.185,2.25,1.43,2.975,-0.36,0.11
2016-04-22,1.265,0.935,-0.1,0.88,-0.185,2.25,1.43,2.975,-0.365,0.11
2016-04-25,1.265,0.94,-0.075,0.88,-0.185,2.25,1.45,2.975,-0.37,0.11
2016-04-26,1.265,0.935,-0.1,0.88,-0.185,2.25,1.45,2.975,-0.365,0.11
2016-04-27,1.265,0.94,-0.1,0.88,-0.185,2.25,1.46,2.975,-0.365,0.11
2016-04-28,1.265,0.975,-0.1,0.88,-0.185,2.25,1.46,2.975,-0.345,0.11
2016-04-29,1.265,0.97,-0.1,0.88,-0.185,2.25,1.47,2.975,-0.355,0.11
2016-05-02,1.265,0.97,-0.1,0.88,-0.185,2.25,1.45,2.975,-0.365,0.11
2016-05-03,1.265,0.96,-0.1,0.88,-0.185,2.25,1.46,2.975,-0.345,0.11
2016-05-04,1.265,0.975,-0.1,0.88,-0.185,2.25,1.47,2.975,-0.355,0.11
2016-05-05,1.265,0.975,-0.1,0.88,-0.185,2.25,1.46,2.975,-0.345,0.11
2016-05-06,1.265,0.975,-0.1,0.88,-0.185,2.25,1.46,2.975,-0.355,0.11
2016-05-09,1.265,0.985,-0.1,0.88,-0.185,2.25,1.47,2.975,-0.375,0.11
2016-05-10,1.265,0.99,-0.1,0.88,-0.185,2.25,1.53,2.975,-0.405,0.11
2016-05-11,1.265,0.985,-0.1,0.88,-0.185,2.25,1.52,2.975,-0.4,0.11
2016-05-12,1.265,1.02,-0.1,0.88,-0.185,2.25,1.53,2.975,-0.385,0.11
2016-05-13,1.265,1.015,-0.1,0.88,-0.185,2.25,1.54,2.975,-0.375,0.11
2016-05-16,1.265,1.02,-0.1,0.88,-0.185,2.25,1.53,2.975,-0.39,0.11
2016-05-17,1.265,1.025,-0.1,0.88,-0.185,2.25,1.56,2.975,-0.375,0.11
2016-05-18,1.265,1.01,-0.1,0.88,-0.185,2.25,1.58,2.975,-0.365,0.11
2016-05-19,1.265,0.99,-0.1,0.88,-0.185,2.25,1.59,2.975,-0.37,0.11
2016-05-20,1.265,1.0,-0.1,0.88,-0.205,2.25,1.61,2.975,-0.395,0.11
2016-05-23,1.265,1.0,-0.075,0.88,-0.205,2.25,1.62,2.975,-0.385,0.11
2016-05-24,1.265,1.01,-0.075,0.88,-0.205,2.25,1.635,2.975,-0.41,0.11
2016-05-25,1.265,0.99,-0.075,0.88,-0.205,2.25,1.64,2.975,-0.425,0.11
2016-05-26,1.265,0.99,-0.075,0.88,-0.205,2.25,1.62,2.975,-0.44,0.11
2016-05-27,1.265,1.01,-0.075,0.88,-0.205,2.25,1.67,2.975,-0.41,0.11
2016-05-30,1.265,0.975,-0.075,0.88,-0.205,2.25,1.685,2.975,-0.425,0.11
2016-05-31,1.265,0.97,-0.075,0.88,-0.205,2.25,1.68,2.975,-0.425,0.11
2016-06-01,1.265,0.995,-0.075,0.88,-0.205,2.25,1.7,2.975,-0.42,0.11
2016-06-02,1.265,0.975,-0.075,0.88,-0.205,2.25,1.73,2.975,-0.42,0.11
2016-06-03,1.265,0.995,-0.075,0.88,-0.205,2.25,1.695,2.975,-0.43,0.11
2016-06-06,1.265,0.975,-0.075,0.88,-0.205,2.25,1.73,2.975,-0.42,0.11
2016-06-07,1.265,0.99,-0.075,0.88,-0.205,2.25,1.715,2.975,-0.43,0.11
2016-06-08,1.265,0.96,-0.075,0.88,-0.205,2.25,1.68,2.975,-0.45,0.11
2016-06-09,1.265,0.955,-0.075,0.88,-0.205,2.25,1.675,2.975,-0.45,0.11
2016-06-10,1.265,0.96,-0.075,0.88,-0.205,2.25,1.675,2.975,-0.45,0.11
2016-06-13,1.265,0.96,-0.075,0.88,-0.205,2.25,1.69,2.975,-0.455,0.11
2016-06-14,1.265,0.96,-0.075,0.88,-0.205,2.25,1.745,2.975,-0.47,0.11
2016-06-15,1.265,0.96,-0.075,0.88,-0.205,2.25,1.745,2.975,-0.515,0.11
2016-06-16,1.265,0.965,-0.075,0.88,-0.205,2.25,1.77,2.975,-0.525,0.11
2016-06-17,1.265,0.97,-0.075,0.88,-0.205,2.25,1.76,2.975,-0.495,0.11
2016-06-20,1.265,0.97,-0.075,0.88,-0.205,2.25,1.765,2.975,-0.475,0.11
2016-06-21,1.265,0.955,-0.075,0.88,-0.205,2.25,1.735,2.975,-0.39,0.11
2016-06-22,1.265,0.955,-0.075,0.88,-0.205,2.25,1.745,2.975,-0.365,0.11
2016-06-23,1.265,0.95,-0.075,0.88,-0.205,2.25,1.715,2.975,-0.375,0.11
2016-06-24,1.265,0.9,-0.1,0.88,-0.235,2.25,1.685,2.975,-0.485,0.11
2016-06-27,1.265,0.915,-0.1,0.88,-0.235,2.25,1.64,2.975,-0.455,0.11
2016-06-28,1.265,0.92,-0.1,0.88,-0.235,2.25,1.615,2.975,-0.41,0.11
2016-06-29,1.265,0.925,-0.1,0.88,-0.235,2.25,1.67,2.975,-0.445,0.11
2016-06-30,1.265,0.91,-0.05,0.88,-0.235,2.25,1.695,2.975,-0.395,0.11
2016-07-01,1.265,0.92,-0.05,0.88,-0.235,2.25,1.705,2.975,-0.39,0.11
2016-07-04,1.265,0.91,-0.05,0.88,-0.235,2.25,1.68,2.975,-0.39,0.11
2016-07-05,1.265,0.895,-0.05,0.88,-0.235,2.25,1.735,2.975,-0.365,0.11
2016-07-06,1.265,0.87,-0.05,0.88,-0.235,2.25,1.775,2.975,-0.42,0.11
2016-07-07,1.265,0.905,-0.05,0.88,-0.235,2.25,1.775,2.975,-0.405,0.11
2016-07-08,1.265,0.895,-0.05,0.88,-0.235,2.25,1.785,2.975,-0.405,0.11
2016-07-11,1.265,0.91,-0.05,0.88,-0.235,2.25,1.775,2.975,-0.43,0.11
2016-07-12,1.265,0.925,-0.05,0.88,-0.235,2.25,1.8,2.975,-0.4,0.11
2016-07-13,1.265,0.925,-0.05,0.88,-0.235,2.25,1.8,2.975,-0.435,0.11
2016-07-14,1.265,0.93,-0.05,0.88,-0.235,2.25,1.82,2.975,-0.43,0.11
2016-07-15,1.265,0.94,-0.1,0.88,-0.235,2.25,1.85,2.975,-0.43,0.11
2016-07-18,1.265,0.93,-0.1,0.88,-0.235,2.25,1.88,2.975,-0.425,0.11
2016-07-19,1.265,0.93,-0.1,0.88,-0.235,2.25,1.88,2.975,-0.425,0.11
2016-07-20,1.265,0.925,-0.1,0.88,-0.235,2.25,1.93,2.975,-0.41,0.11
2016-07-21,1.265,0.915,-0.1,0.88,-0.235,2.25,1.96,2.975,-0.4,0.11
2016-07-22,1.265,0.905,-0.1,0.88,-0.235,2.25,1.92,2.975,-0.37,0.11
2016-07-25,1.265,0.91,-0.1,0.88,-0.235,2.25,1.94,2.975,-0.37,0.11
2016-07-26,1.265,0.91,-0.1,0.88,-0.235,2.25,1.955,2.975,-0.375,0.11
2016-07-27,1.265,0.91,-0.1,0.88,-0.235,2.25,1.915,2.975,-0.37,0.11
2016-07-28,1.265,0.905,-0.1,0.88,-0.235,2.25,1.93,2.975,-0.365,0.11
2016-07-29,1.265,0.96,-0.1,0.88,-0.235,2.25,1.9,2.975,-0.405,0.11
2016-08-01,1.265,0.985,-0.1,0.88,-0.235,2.25,1.9,2.975,-0.385,0.11
2016-08-02,1.265,1.01,-0.1,0.88,-0.235,2.25,1.925,2.975,-0.375,0.11
2016-08-03,1.265,1.03,-0.1,0.88,-0.235,2.25,1.955,2.975,-0.36,0.11
2016-08-04,1.265,1.02,-0.1,0.88,-0.235,2.25,1.895,2.975,-0.395,0.11
2016-08-05,1.265,1.045,-0.1,0.88,-0.235,2.25,1.91,2.975,-0.38,0.11
2016-08-08,1.265,1.055,-0.1,0.88,-0.235,2.25,1.925,2.975,-0.385,0.11
2016-08-09,1.265,1.085,-0.1,0.88,-0.235,2.25,1.9,2.975,-0.41,0.11
2016-08-10,1.265,1.11,-0.1,0.88,-0.235,2.25,1.895,2.975,-0.435,0.11
2016-08-11,1.265,1.155,-0.1,0.88,-0.235,2.25,1.885,2.975,-0.425,0.11
2016-08-12,1.265,1.14,-0.1,0.88,-0.235,2.25,1.85,2.975,-0.435,0.11
2016-08-15,1.265,1.115,-0.1,0.88,-0.235,2.25,1.835,2.975,-0.43,0.11
2016-08-16,1.265,1.125,-0.1,0.88,-0.235,2.25,1.845,2.975,-0.425,0.11
2016-08-17,1.265,1.105,-0.1,0.88,-0.235,2.25,1.86,2.975,-0.41,0.11
2016-08-18,1.265,1.1,-0.1,0.88,-0.235,2.25,1.865,2.975,-0.415,0.11
2016-08-19,1.265,1.12,-0.1,0.88,-0.235,2.25,1.82,2.975,-0.39,0.11
2016-08-22,1.265,1.085,-0.1,0.88,-0.235,2.25,1.81,2.975,-0.415,0.11
2016-08-23,1.265,1.11,-0.1,0.88,-0.235,2.25,1.835,2.975,-0.405,0.11
2016-08-24,1.265,1.09,-0.1,0.88,-0.235,2.25,1.845,2.975,-0.405,0.11
2016-08-25,1.265,1.085,-0.05,0.88,-0.235,2.25,1.845,2.975,-0.395,0.11
2016-08-26,1.265,1.09,-0.05,0.88,-0.235,2.25,1.855,2.975,-0.4,0.11
2016-08-29,1.265,1.075,-0.05,0.88,-0.235,2.25,1.86,2.975,-0.39,0.11
2016-08-30,1.265,1.095,-0.05,0.88,-0.235,2.25,1.865,2.975,-0.4,0.11
2016-08-31,1.265,1.08,-0.05,0.88,-0.235,2.25,1.855,2.975,-0.385,0.11
2016-09-01,1.265,1.08,-0.05,0.88,-0.235,2.25,1.83,2.975,-0.39,0.11
2016-09-02,1.265,1.095,-0.05,0.88,-0.235,2.25,1.84,2.975,-0.365,0.11
2016-09-05,1.265,1.085,-0.05,0.88,-0.235,2.25,1.865,2.975,-0.36,0.11
2016-09-06,1.265,1.095,-0.05,0.88,-0.235,2.25,1.835,2.975,-0.4,0.11
2016-09-07,1.265,1.1,-0.05,0.88,-0.235,2.25,1.825,2.975,-0.39,0.11
2016-09-08,1.265,1.105,-0.05,0.88,-0.235,2.25,1.82,2.975,-0.4,0.11
2016-09-09,1.265,1.105,-0.05,0.88,-0.235,2.25,1.83,2.975,-0.38,0.11
2016-09-12,1.265,1.12,-0.05,0.88,-0.235,2.25,1.825,2.975,-0.39,0.11
2016-09-13,1.265,1.125,-0.05,0.88,-0.235,2.25,1.815,2.975,-0.4,0.11
2016-09-14,1.265,1.13,-0.05,0.88,-0.235,2.25,1.805,2.975,-0.4,0.11
2016-09-15,1.265,1.12,-0.05,0.88,-0.235,2.25,1.815,2.975,-0.425,0.11
2016-09-16,1.265,1.12,-0.05,0.88,-0.255,2.25,1.85,2.975,-0.4,0.11
2016-09-19,1.265,1.125,-0.05,0.88,-0.255,2.25,1.855,2.975,-0.42,0.11
2016-09-20,1.265,1.12,-0.05,0.88,-0.255,2.25,1.86,2.975,-0.425,0.11
2016-09-21,1.265,1.08,-0.05,0.88,-0.255,2.25,1.875,2.975,-0.42,0.11
2016-09-22,1.265,1.125,-0.05,0.88,-0.255,2.25,1.845,2.975,-0.43,0.11
2016-09-23,1.265,1.135,-0.05,0.88,-0.255,2.25,1.845,2.975,-0.42,0.11
2016-09-26,1.265,1.125,-0.05,0.88,-0.255,2.25,1.855,2.975,-0.42,0.11
2016-09-27,1.265,1.115,-0.05,0.88,-0.255,2.25,1.895,2.975,-0.4,0.11
2016-09-28,1.265,1.125,-0.05,0.88,-0.255,2.25,1.87,2.975,-0.405,0.11
2016-09-29,1.265,1.115,-0.05,0.88,-0.255,2.25,1.875,2.975,-0.41,0.11
2016-09-30,1.265,1.105,-0.05,0.88,-0.255,2.25,1.96,2.975,-0.39,0.11
2016-10-03,1.265,1.12,-0.05,0.88,-0.255,2.25,1.965,2.975,-0.34,0.11
2016-10-04,1.265,1.12,-0.05,0.88,-0.255,2.25,1.945,2.975,-0.35,0.11
2016-10-05,1.265,1.12,-0.05,0.88,-0.255,2.25,1.895,2.975,-0.37,0.11
2016-10-06,1.265,1.125,-0.15,0.88,-0.255,2.25,1.885,2.975,-0.37,0.11
2016-10-07,1.265,1.13,-0.2,0.88,-0.255,2.25,1.865,2.975,-0.37,0.11
2016-10-10,1.265,1.135,-0.2,0.88,-0.255,2.25,1.9,2.975,-0.38,0.11
2016-10-11,1.265,1.125,-0.2,0.88,-0.255,2.25,1.89,2.975,-0.38,0.11
2016-10-12,1.265,1.115,-0.2,0.88,-0.255,2.25,1.87,2.975,-0.37,0.11
2016-10-13,1.265,1.115,-0.2,0.88,-0.255,2.25,1.92,2.975,-0.37,0.11
2016-10-14,1.265,1.1,-0.2,0.88,-0.255,2.25,1.92,2.975,-0.375,0.11
2016-10-17,1.265,1.115,-0.2,0.88,-0.255,2.25,1.965,2.975,-0.38,0.11
2016-10-18,1.265,1.125,-0.2,0.91,-0.255,2.25,1.935,2.975,-0.395,0.11
2016-10-19,1.265,1.13,-0.15,0.91,-0.255,2.25,1.935,2.975,-0.4,0.11
2016-10-20,1.265,1.13,-0.15,0.91,-0.255,2.25,1.96,2.975,-0.405,0.11
2016-10-21,1.265,1.105,-0.15,0.91,-0.255,2.25,1.975,2.975,-0.395,0.11
2016-10-24,1.265,1.1,-0.15,0.91,-0.255,2.25,1.99,2.975,-0.4,0.11
2016-10-25,1.265,1.1,-0.15,0.91,-0.255,2.25,1.99,2.975,-0.4,0.11
2016-10-26,1.265,1.075,-0.15,0.91,-0.255,2.25,1.98,2.975,-0.415,0.11
2016-10-27,1.265,1.095,-0.15,0.91,-0.255,2.25,2.0,2.975,-0.4,0.11
2016-10-28,1.265,1.08,-0.15,0.91,-0.255,2.25,2.005,2.975,-0.41,0.11
2016-10-31,1.265,1.095,-0.15,0.92,-0.255,2.25,2.0,2.975,-0.405,0.11
2016-11-01,1.265,1.1,-0.15,0.94,-0.255,2.25,2.01,2.975,-0.42,0.11
2016-11-02,1.265,1.095,-0.15,0.94,-0.255,2.25,2.015,2.975,-0.42,0.11
2016-11-03,1.265,1.08,-0.15,0.94,-0.255,2.25,2.02,2.975,-0.4,0.11
2016-11-04,1.265,1.075,-0.15,0.94,-0.255,2.25,2.04,2.975,-0.42,0.11
